InvoiceNo,StockCode,Description,Quantity,InvoiceDate,UnitPrice,CustomerID,Country,revenue
536589,21777,,-10,2010-12-01 16:50:00,0.0,,United Kingdom,-0.0
536764,84952C,,-38,2010-12-02 14:42:00,0.0,,United Kingdom,-0.0
536996,22712,,-20,2010-12-03 15:30:00,0.0,,United Kingdom,-0.0
536997,22028,,-20,2010-12-03 15:30:00,0.0,,United Kingdom,-0.0
536998,85067,,-6,2010-12-03 15:30:00,0.0,,United Kingdom,-0.0
537000,21414,,-22,2010-12-03 15:32:00,0.0,,United Kingdom,-0.0
537001,21653,,-6,2010-12-03 15:33:00,0.0,,United Kingdom,-0.0
537003,85126,,-2,2010-12-03 15:33:00,0.0,,United Kingdom,-0.0
537004,21814,,-30,2010-12-03 15:34:00,0.0,,United Kingdom,-0.0
537005,21692,,-70,2010-12-03 15:35:00,0.0,,United Kingdom,-0.0
537006,21648,,-130,2010-12-03 15:36:00,0.0,,United Kingdom,-0.0
537007,21172,,-80,2010-12-03 15:36:00,0.0,,United Kingdom,-0.0
537008,21161,,-120,2010-12-03 15:37:00,0.0,,United Kingdom,-0.0
537009,84534B,,-80,2010-12-03 15:38:00,0.0,,United Kingdom,-0.0
537010,22162,,-40,2010-12-03 15:38:00,0.0,,United Kingdom,-0.0
537011,22139,,-5,2010-12-03 15:38:00,0.0,,United Kingdom,-0.0
537012,21535,,-12,2010-12-03 15:39:00,0.0,,United Kingdom,-0.0
537013,35965,,-25,2010-12-03 15:40:00,0.0,,United Kingdom,-0.0
537014,21040,,-20,2010-12-03 15:40:00,0.0,,United Kingdom,-0.0
537015,37464,,-14,2010-12-03 15:41:00,0.0,,United Kingdom,-0.0
537016,21836,,-15,2010-12-03 15:41:00,0.0,,United Kingdom,-0.0
537017,47556B,,-69,2010-12-03 15:41:00,0.0,,United Kingdom,-0.0
537018,84562A,,-3,2010-12-03 15:42:00,0.0,,United Kingdom,-0.0
537019,37474,,-15,2010-12-03 15:43:00,0.0,,United Kingdom,-0.0
537020,21807,,-30,2010-12-03 15:43:00,0.0,,United Kingdom,-0.0
537021,21011,,-20,2010-12-03 15:43:00,0.0,,United Kingdom,-0.0
537027,18098C,,-140,2010-12-03 16:36:00,0.0,,United Kingdom,-0.0
537028,21696,,-320,2010-12-03 16:36:00,0.0,,United Kingdom,-0.0
537029,37476,,-6,2010-12-03 16:37:00,0.0,,United Kingdom,-0.0
537032,21275,?,-30,2010-12-03 16:50:00,0.0,,United Kingdom,-0.0
537363,84569B,,-20,2010-12-06 12:35:00,0.0,,United Kingdom,-0.0
537364,21027,,-70,2010-12-06 12:36:00,0.0,,United Kingdom,-0.0
537401,84898F,,-24,2010-12-06 14:37:00,0.0,,United Kingdom,-0.0
537425,84968F,check,-20,2010-12-06 15:35:00,0.0,,United Kingdom,-0.0
537426,84968E,check,-35,2010-12-06 15:36:00,0.0,,United Kingdom,-0.0
537427,84968B,,-21,2010-12-06 15:37:00,0.0,,United Kingdom,-0.0
537432,35833G,damages,-43,2010-12-06 16:10:00,0.0,,United Kingdom,-0.0
537449,21054,,-30,2010-12-07 09:26:00,0.0,,United Kingdom,-0.0
537450,20684,,-19,2010-12-07 09:26:00,0.0,,United Kingdom,-0.0
537451,84881,,-11,2010-12-07 09:27:00,0.0,,United Kingdom,-0.0
537452,20941,,-24,2010-12-07 09:28:00,0.0,,United Kingdom,-0.0
537453,21248,,-18,2010-12-07 09:28:00,0.0,,United Kingdom,-0.0
537454,21349,,-44,2010-12-07 09:30:00,0.0,,United Kingdom,-0.0
537455,22155,,-70,2010-12-07 09:31:00,0.0,,United Kingdom,-0.0
537466,21488,,-50,2010-12-07 10:33:00,0.0,,United Kingdom,-0.0
537687,84840,,-9,2010-12-08 10:26:00,0.0,,United Kingdom,-0.0
537870,21486,,-77,2010-12-08 17:08:00,0.0,,United Kingdom,-0.0
537999,22034,,-223,2010-12-09 11:44:00,0.0,,United Kingdom,-0.0
538042,21763,,-4,2010-12-09 13:10:00,0.0,,United Kingdom,-0.0
538043,22833,,-1,2010-12-09 13:10:00,0.0,,United Kingdom,-0.0
538046,85008,,-15,2010-12-09 13:12:00,0.0,,United Kingdom,-0.0
538047,21429,,-70,2010-12-09 13:13:00,0.0,,United Kingdom,-0.0
538054,85167B,,-24,2010-12-09 13:34:00,0.0,,United Kingdom,-0.0
538055,22454,,-20,2010-12-09 13:34:00,0.0,,United Kingdom,-0.0
538058,20966,,-150,2010-12-09 13:38:00,0.0,,United Kingdom,-0.0
538061,21801,,-38,2010-12-09 13:39:00,0.0,,United Kingdom,-0.0
538072,22423,faulty,-13,2010-12-09 14:10:00,0.0,,United Kingdom,-0.0
538074,21743,,-80,2010-12-09 14:11:00,0.0,,United Kingdom,-0.0
538090,20956,?,-723,2010-12-09 14:48:00,0.0,,United Kingdom,-0.0
538092,37467,,-177,2010-12-09 14:49:00,0.0,,United Kingdom,-0.0
538158,20892,,-32,2010-12-09 17:17:00,0.0,,United Kingdom,-0.0
538159,21324,,-18,2010-12-09 17:17:00,0.0,,United Kingdom,-0.0
538161,46000S,Dotcom sales,-100,2010-12-09 17:25:00,0.0,,United Kingdom,-0.0
538162,46000M,Dotcom sales,-100,2010-12-09 17:25:00,0.0,,United Kingdom,-0.0
538173,22353,,-28,2010-12-10 09:35:00,0.0,,United Kingdom,-0.0
538241,21431,,-21,2010-12-10 12:00:00,0.0,,United Kingdom,-0.0
538247,79067,,-145,2010-12-10 12:09:00,0.0,,United Kingdom,-0.0
538837,85135B,,-40,2010-12-14 13:10:00,0.0,,United Kingdom,-0.0
538906,21895,,-5,2010-12-15 10:31:00,0.0,,United Kingdom,-0.0
539980,35001W,,-36,2010-12-23 14:34:00,0.0,,United Kingdom,-0.0
539994,22830,,-1,2011-01-04 10:09:00,0.0,,United Kingdom,-0.0
539995,85064,,-12,2011-01-04 10:12:00,0.0,,United Kingdom,-0.0
539996,21784,,-10,2011-01-04 10:12:00,0.0,,United Kingdom,-0.0
539999,20892,,-1,2011-01-04 10:16:00,0.0,,United Kingdom,-0.0
540000,84499,,-9,2011-01-04 10:17:00,0.0,,United Kingdom,-0.0
540008,85230F,,-48,2011-01-04 11:10:00,0.0,,United Kingdom,-0.0
540009,22158,,-120,2011-01-04 11:10:00,0.0,,United Kingdom,-0.0
540010,22501,reverse 21/5/10 adjustment,-100,2011-01-04 11:13:00,0.0,,United Kingdom,-0.0
540012,22502,reverse 21/5/10 adjustment,-100,2011-01-04 11:14:00,0.0,,United Kingdom,-0.0
540100,22837,?,-106,2011-01-04 16:53:00,0.0,,United Kingdom,-0.0
540119,22865,,-60,2011-01-05 10:07:00,0.0,,United Kingdom,-0.0
540241,35957,,-939,2011-01-05 15:17:00,0.0,,United Kingdom,-0.0
540252,22198,,-100,2011-01-05 16:25:00,0.0,,United Kingdom,-0.0
540272,90096,,-54,2011-01-06 11:57:00,0.0,,United Kingdom,-0.0
540369,47591D,,-201,2011-01-06 16:20:00,0.0,,United Kingdom,-0.0
540549,21587,,-53,2011-01-10 09:07:00,0.0,,United Kingdom,-0.0
540558,21258,?,-29,2011-01-10 10:04:00,0.0,,United Kingdom,-0.0
540560,21589,,-14,2011-01-10 10:08:00,0.0,,United Kingdom,-0.0
540564,22617,"mouldy, thrown away.",-2600,2011-01-10 10:36:00,0.0,,United Kingdom,-0.0
540637,21275,,-5,2011-01-10 12:13:00,0.0,,United Kingdom,-0.0
540638,72038P,damages,-990,2011-01-10 12:14:00,0.0,,United Kingdom,-0.0
540650,85124C,,-8,2011-01-10 14:59:00,0.0,,United Kingdom,-0.0
540651,82599,?,-290,2011-01-10 15:00:00,0.0,,United Kingdom,-0.0
540678,21667,,-1,2011-01-10 16:21:00,0.0,,United Kingdom,-0.0
540679,21667,,-1,2011-01-10 16:21:00,0.0,,United Kingdom,-0.0
540683,84546,,-45,2011-01-10 17:00:00,0.0,,United Kingdom,-0.0
540684,35271S,,-13,2011-01-10 17:01:00,0.0,,United Kingdom,-0.0
540778,84029E,,-50,2011-01-11 11:15:00,0.0,,United Kingdom,-0.0
540978,84050,counted,-310,2011-01-12 15:04:00,0.0,,United Kingdom,-0.0
540987,17011A,,-61,2011-01-12 16:15:00,0.0,,United Kingdom,-0.0
541000,21632,,-41,2011-01-13 10:11:00,0.0,,United Kingdom,-0.0
541482,22837,,-35,2011-01-18 12:32:00,0.0,,United Kingdom,-0.0
541487,85118,,-35,2011-01-18 13:19:00,0.0,,United Kingdom,-0.0
541519,21429,,-15,2011-01-19 09:11:00,0.0,,United Kingdom,-0.0
541600,22866,,-64,2011-01-19 16:48:00,0.0,,United Kingdom,-0.0
541601,22632,,-84,2011-01-19 16:48:00,0.0,,United Kingdom,-0.0
541685,22351,Given away,-1400,2011-01-20 15:41:00,0.0,,United Kingdom,-0.0
541687,46000S,Dotcom,-300,2011-01-20 15:42:00,0.0,,United Kingdom,-0.0
541702,22451,,-30,2011-01-21 09:44:00,0.0,,United Kingdom,-0.0
541802,20854,,-80,2011-01-21 14:45:00,0.0,,United Kingdom,-0.0
541882,48185,?,-57,2011-01-24 10:54:00,0.0,,United Kingdom,-0.0
541967,84823,,-3,2011-01-24 13:35:00,0.0,,United Kingdom,-0.0
542225,85096,label mix up,-59,2011-01-26 13:10:00,0.0,,United Kingdom,-0.0
542361,85161,samples/damages,-20,2011-01-27 12:47:00,0.0,,United Kingdom,-0.0
542362,20699,,-16,2011-01-27 12:49:00,0.0,,United Kingdom,-0.0
542365,21897,,-22,2011-01-27 12:51:00,0.0,,United Kingdom,-0.0
542367,82583,,-30,2011-01-27 12:57:00,0.0,,United Kingdom,-0.0
542368,85188B,,-70,2011-01-27 12:59:00,0.0,,United Kingdom,-0.0
542379,35922,,-30,2011-01-27 13:58:00,0.0,,United Kingdom,-0.0
542380,84917,,-50,2011-01-27 13:59:00,0.0,,United Kingdom,-0.0
542391,84455,,-31,2011-01-27 14:54:00,0.0,,United Kingdom,-0.0
542392,84227,,-2,2011-01-27 14:56:00,0.0,,United Kingdom,-0.0
542396,22146,,-4,2011-01-27 15:12:00,0.0,,United Kingdom,-0.0
542414,84967A,,-2,2011-01-27 17:15:00,0.0,,United Kingdom,-0.0
542415,84967B,,-1,2011-01-27 17:15:00,0.0,,United Kingdom,-0.0
542417,84966B,,-11,2011-01-27 17:38:00,0.0,,United Kingdom,-0.0
542418,84966A,,-17,2011-01-27 17:39:00,0.0,,United Kingdom,-0.0
542518,22184,,-13,2011-01-28 12:17:00,0.0,,United Kingdom,-0.0
542529,DCGS0055,,-1,2011-01-28 13:08:00,0.0,,United Kingdom,-0.0
542531,DCGS0072,,-1,2011-01-28 13:08:00,0.0,,United Kingdom,-0.0
542532,DCGS0074,,-1,2011-01-28 13:09:00,0.0,,United Kingdom,-0.0
542544,17165D,,-10,2011-01-28 14:43:00,0.0,,United Kingdom,-0.0
542546,20734,,-1,2011-01-28 14:44:00,0.0,,United Kingdom,-0.0
542547,20864,,-1,2011-01-28 14:45:00,0.0,,United Kingdom,-0.0
542548,20892,,-1,2011-01-28 14:45:00,0.0,,United Kingdom,-0.0
542550,20910,,-1,2011-01-28 14:45:00,0.0,,United Kingdom,-0.0
542551,21282,,-1,2011-01-28 14:46:00,0.0,,United Kingdom,-0.0
542552,21645,,-1,2011-01-28 14:47:00,0.0,,United Kingdom,-0.0
542553,21805,,-1,2011-01-28 14:49:00,0.0,,United Kingdom,-0.0
542554,21836,,-1,2011-01-28 14:49:00,0.0,,United Kingdom,-0.0
542555,21841,,-1,2011-01-28 14:50:00,0.0,,United Kingdom,-0.0
542556,22143,,-1,2011-01-28 14:50:00,0.0,,United Kingdom,-0.0
542557,22765,,-1,2011-01-28 14:50:00,0.0,,United Kingdom,-0.0
542558,35644,,-1,2011-01-28 14:51:00,0.0,,United Kingdom,-0.0
542559,35991,,-1,2011-01-28 14:51:00,0.0,,United Kingdom,-0.0
542560,47579,,-1,2011-01-28 14:51:00,0.0,,United Kingdom,-0.0
542561,84424A,,-1,2011-01-28 14:52:00,0.0,,United Kingdom,-0.0
542562,84499,,-1,2011-01-28 14:52:00,0.0,,United Kingdom,-0.0
542563,84509F,,-1,2011-01-28 14:52:00,0.0,,United Kingdom,-0.0
542564,84526,,-1,2011-01-28 14:52:00,0.0,,United Kingdom,-0.0
542565,84664,,-1,2011-01-28 14:52:00,0.0,,United Kingdom,-0.0
542566,84964B,,-1,2011-01-28 14:53:00,0.0,,United Kingdom,-0.0
542567,84975,,-1,2011-01-28 14:53:00,0.0,,United Kingdom,-0.0
542569,85028L,,-1,2011-01-28 14:53:00,0.0,,United Kingdom,-0.0
542570,85028S,,-1,2011-01-28 14:53:00,0.0,,United Kingdom,-0.0
542571,85031C,,-1,2011-01-28 14:54:00,0.0,,United Kingdom,-0.0
542572,85064,,-1,2011-01-28 14:54:00,0.0,,United Kingdom,-0.0
542573,85110,,-1,2011-01-28 14:55:00,0.0,,United Kingdom,-0.0
542574,85119,,-1,2011-01-28 14:55:00,0.0,,United Kingdom,-0.0
542575,85126,,-1,2011-01-28 14:55:00,0.0,,United Kingdom,-0.0
542576,85179B,,-1,2011-01-28 14:56:00,0.0,,United Kingdom,-0.0
542577,85232B,,-1,2011-01-28 14:56:00,0.0,,United Kingdom,-0.0
542579,90000C,,-1,2011-01-28 14:57:00,0.0,,United Kingdom,-0.0
542580,90095,,-1,2011-01-28 14:58:00,0.0,,United Kingdom,-0.0
542581,90091,,-1,2011-01-28 14:58:00,0.0,,United Kingdom,-0.0
542582,DCGS0057,,-6,2011-01-28 15:01:00,0.0,,United Kingdom,-0.0
542861,47591B,?,-207,2011-02-01 11:47:00,0.0,,United Kingdom,-0.0
542879,22242,,-19,2011-02-01 12:52:00,0.0,,United Kingdom,-0.0
542882,22162,,-40,2011-02-01 12:55:00,0.0,,United Kingdom,-0.0
542883,21448,,-40,2011-02-01 13:07:00,0.0,,United Kingdom,-0.0
542884,84748,,-52,2011-02-01 13:08:00,0.0,,United Kingdom,-0.0
542885,84465,,-6,2011-02-01 13:08:00,0.0,,United Kingdom,-0.0
543034,85049F,,-130,2011-02-02 15:50:00,0.0,,United Kingdom,-0.0
543035,35004C,,-206,2011-02-02 15:51:00,0.0,,United Kingdom,-0.0
543194,21355,,-217,2011-02-04 12:25:00,0.0,,United Kingdom,-0.0
543257,84611B,thrown away,-1430,2011-02-04 16:06:00,0.0,,United Kingdom,-0.0
543259,84612B,thrown away,-162,2011-02-04 16:07:00,0.0,,United Kingdom,-0.0
543260,84613A,thrown away,-230,2011-02-04 16:07:00,0.0,,United Kingdom,-0.0
543261,84613C,,-173,2011-02-04 16:08:00,0.0,,United Kingdom,-0.0
543262,84614A,thrown away,-390,2011-02-04 16:08:00,0.0,,United Kingdom,-0.0
543265,84872A,,-4,2011-02-04 17:23:00,0.0,,United Kingdom,-0.0
543266,82095,,-5,2011-02-04 17:24:00,0.0,,United Kingdom,-0.0
543269,84638,,-18,2011-02-04 17:25:00,0.0,,United Kingdom,-0.0
543270,84631,,-19,2011-02-04 17:25:00,0.0,,United Kingdom,-0.0
543271,21087,,-6,2011-02-04 17:26:00,0.0,,United Kingdom,-0.0
543308,35969,,-3,2011-02-07 12:04:00,0.0,,United Kingdom,-0.0
543310,35954,,-234,2011-02-07 12:10:00,0.0,,United Kingdom,-0.0
543390,84880,,-5,2011-02-08 10:02:00,0.0,,United Kingdom,-0.0
543521,22769,,-6,2011-02-09 11:49:00,0.0,,United Kingdom,-0.0
543545,22627,,-11,2011-02-09 15:50:00,0.0,,United Kingdom,-0.0
543552,22847,,-10,2011-02-10 10:05:00,0.0,,United Kingdom,-0.0
543654,22525,,-57,2011-02-11 10:29:00,0.0,,United Kingdom,-0.0
543655,21717,,-42,2011-02-11 10:30:00,0.0,,United Kingdom,-0.0
543656,84801B,,-44,2011-02-11 10:30:00,0.0,,United Kingdom,-0.0
543783,20966,,-41,2011-02-11 16:45:00,0.0,,United Kingdom,-0.0
543827,84406B,incorrectly made-thrown away.,-64,2011-02-14 09:44:00,0.0,,United Kingdom,-0.0
544046,21785,,-140,2011-02-15 12:34:00,0.0,,United Kingdom,-0.0
544063,22837,,-9,2011-02-15 13:37:00,0.0,,United Kingdom,-0.0
544086,21785,,-7,2011-02-15 16:49:00,0.0,,United Kingdom,-0.0
544342,22633,,-53,2011-02-18 09:44:00,0.0,,United Kingdom,-0.0
544343,22867,,-99,2011-02-18 09:45:00,0.0,,United Kingdom,-0.0
544346,22114,,-21,2011-02-18 09:50:00,0.0,,United Kingdom,-0.0
544347,22114,,-4,2011-02-18 09:51:00,0.0,,United Kingdom,-0.0
544396,62094B,,-92,2011-02-18 12:16:00,0.0,,United Kingdom,-0.0
544410,84997C,?,-741,2011-02-18 13:54:00,0.0,,United Kingdom,-0.0
544554,22588,,-41,2011-02-21 12:12:00,0.0,,United Kingdom,-0.0
544579,21651,,-6,2011-02-21 14:05:00,0.0,,United Kingdom,-0.0
544649,21621,?,-400,2011-02-22 12:37:00,0.0,,United Kingdom,-0.0
544703,22202,,-114,2011-02-23 10:35:00,0.0,,United Kingdom,-0.0
544832,62096A,,-88,2011-02-24 10:05:00,0.0,,United Kingdom,-0.0
544834,90200C,,-33,2011-02-24 10:15:00,0.0,,United Kingdom,-0.0
545127,22024,,-50,2011-02-28 12:04:00,0.0,,United Kingdom,-0.0
545135,22028,,-30,2011-02-28 12:06:00,0.0,,United Kingdom,-0.0
545219,20738,,-36,2011-02-28 17:04:00,0.0,,United Kingdom,-0.0
545236,22797,damages,-15,2011-03-01 10:32:00,0.0,,United Kingdom,-0.0
545401,21769,showroom,-5,2011-03-02 12:03:00,0.0,,United Kingdom,-0.0
545402,22862,,-33,2011-03-02 12:07:00,0.0,,United Kingdom,-0.0
545546,84249A,check,-150,2011-03-03 15:03:00,0.0,,United Kingdom,-0.0
545547,85061W,,-391,2011-03-03 15:07:00,0.0,,United Kingdom,-0.0
545548,77101A,,-87,2011-03-03 15:08:00,0.0,,United Kingdom,-0.0
545549,15058B,,-61,2011-03-03 15:10:00,0.0,,United Kingdom,-0.0
545552,22021,,-20,2011-03-03 15:11:00,0.0,,United Kingdom,-0.0
545554,22988,,-70,2011-03-03 15:12:00,0.0,,United Kingdom,-0.0
545560,37464,,-2,2011-03-03 16:12:00,0.0,,United Kingdom,-0.0
545561,37379A,,-9,2011-03-03 16:12:00,0.0,,United Kingdom,-0.0
545562,20689,,-5,2011-03-03 16:12:00,0.0,,United Kingdom,-0.0
545563,20671,,-22,2011-03-03 16:13:00,0.0,,United Kingdom,-0.0
545564,85092,,-9,2011-03-03 16:13:00,0.0,,United Kingdom,-0.0
545565,47563B,,-10,2011-03-03 16:14:00,0.0,,United Kingdom,-0.0
545566,37477D,,-9,2011-03-03 16:14:00,0.0,,United Kingdom,-0.0
545567,37444B,,-3,2011-03-03 16:14:00,0.0,,United Kingdom,-0.0
545598,22080,,-278,2011-03-04 11:16:00,0.0,,United Kingdom,-0.0
545599,22272,,-140,2011-03-04 11:17:00,0.0,,United Kingdom,-0.0
545600,85160A,,-21,2011-03-04 11:45:00,0.0,,United Kingdom,-0.0
545857,20681,MIA,-154,2011-03-07 13:56:00,0.0,,United Kingdom,-0.0
545990,84598,check,-3000,2011-03-08 13:07:00,0.0,,United Kingdom,-0.0
546010,22423,damages,-19,2011-03-08 15:55:00,0.0,,United Kingdom,-0.0
546016,85172,Dotcom set,-675,2011-03-08 17:21:00,0.0,,United Kingdom,-0.0
546018,85172,wrongly sold as sets,-600,2011-03-08 17:23:00,0.0,,United Kingdom,-0.0
546020,85175,Amazon sold sets,-210,2011-03-08 17:27:00,0.0,,United Kingdom,-0.0
546021,85175,dotcom sold sets,-345,2011-03-08 17:27:00,0.0,,United Kingdom,-0.0
546023,85175,wrongly sold sets,-975,2011-03-08 17:29:00,0.0,,United Kingdom,-0.0
546024,85175,? sold as sets?,-1200,2011-03-08 17:31:00,0.0,,United Kingdom,-0.0
546025,85172,?sold as sets?,-600,2011-03-08 17:31:00,0.0,,United Kingdom,-0.0
546124,35610C,Thrown away.,-1121,2011-03-09 14:50:00,0.0,,United Kingdom,-0.0
546126,35611B,thrown away,-27,2011-03-09 14:52:00,0.0,,United Kingdom,-0.0
546129,35610B,thrown away,-541,2011-03-09 15:07:00,0.0,,United Kingdom,-0.0
546130,35610A,thrown away,-1277,2011-03-09 15:08:00,0.0,,United Kingdom,-0.0
546137,20893,damages/display,-197,2011-03-09 16:33:00,0.0,,United Kingdom,-0.0
546138,21815,?,-300,2011-03-09 16:34:00,0.0,,United Kingdom,-0.0
546140,21527,damages,-30,2011-03-09 16:35:00,0.0,,United Kingdom,-0.0
546142,40016,damaged stock,-1100,2011-03-09 16:37:00,0.0,,United Kingdom,-0.0
546145,21537,?,-80,2011-03-09 16:39:00,0.0,,United Kingdom,-0.0
546146,20752,,-40,2011-03-09 16:41:00,0.0,,United Kingdom,-0.0
546147,21320,broken,-63,2011-03-09 16:42:00,0.0,,United Kingdom,-0.0
546148,85049D,?,-100,2011-03-09 16:43:00,0.0,,United Kingdom,-0.0
546149,20866,?,-230,2011-03-09 17:02:00,0.0,,United Kingdom,-0.0
546150,21503,,-140,2011-03-09 17:03:00,0.0,,United Kingdom,-0.0
546151,21504,,-80,2011-03-09 17:04:00,0.0,,United Kingdom,-0.0
546152,72140F,throw away,-5368,2011-03-09 17:25:00,0.0,,United Kingdom,-0.0
546245,85185B,?,-259,2011-03-10 13:26:00,0.0,,United Kingdom,-0.0
546379,72225C,,-82,2011-03-11 12:21:00,0.0,,United Kingdom,-0.0
546407,22719,wrong barcode (22467),-178,2011-03-11 16:24:00,0.0,,United Kingdom,-0.0
546409,21833,damages,-110,2011-03-11 16:27:00,0.0,,United Kingdom,-0.0
546551,84563A,,-10,2011-03-14 17:33:00,0.0,,United Kingdom,-0.0
546661,22777,,-25,2011-03-15 14:33:00,0.0,,United Kingdom,-0.0
546672,85206A,,-77,2011-03-15 15:47:00,0.0,,United Kingdom,-0.0
546756,79067,,-5,2011-03-16 13:31:00,0.0,,United Kingdom,-0.0
547329,20681,,-1,2011-03-22 11:38:00,0.0,,United Kingdom,-0.0
547330,21894,,-40,2011-03-22 11:40:00,0.0,,United Kingdom,-0.0
547331,17013D,,-20,2011-03-22 11:41:00,0.0,,United Kingdom,-0.0
547332,21613,,-47,2011-03-22 11:42:00,0.0,,United Kingdom,-0.0
547333,22791,,-70,2011-03-22 11:43:00,0.0,,United Kingdom,-0.0
547335,20934,,-15,2011-03-22 11:44:00,0.0,,United Kingdom,-0.0
547336,21689,wrong barcode,-323,2011-03-22 11:45:00,0.0,,United Kingdom,-0.0
547337,85025C,barcode problem,-230,2011-03-22 11:47:00,0.0,,United Kingdom,-0.0
547338,22245,,-110,2011-03-22 11:49:00,0.0,,United Kingdom,-0.0
547339,84406B,?,-450,2011-03-22 11:51:00,0.0,,United Kingdom,-0.0
547341,85049D,,-20,2011-03-22 11:53:00,0.0,,United Kingdom,-0.0
547345,22838,,-10,2011-03-22 11:55:00,0.0,,United Kingdom,-0.0
547346,21000,,-41,2011-03-22 11:56:00,0.0,,United Kingdom,-0.0
547347,22470,,-6,2011-03-22 11:56:00,0.0,,United Kingdom,-0.0
547363,22459,?lost,-232,2011-03-22 12:33:00,0.0,,United Kingdom,-0.0
547369,21898,,-83,2011-03-22 13:24:00,0.0,,United Kingdom,-0.0
547403,85028L,,-2,2011-03-22 17:05:00,0.0,,United Kingdom,-0.0
547487,84596E,,-153,2011-03-23 11:29:00,0.0,,United Kingdom,-0.0
547505,22198,,-9,2011-03-23 13:36:00,0.0,,United Kingdom,-0.0
547506,21538,,-2,2011-03-23 13:38:00,0.0,,United Kingdom,-0.0
547559,72759,thrown away-can't sell.,-524,2011-03-23 17:27:00,0.0,,United Kingdom,-0.0
547560,72732,thrown away-can't sell,-2472,2011-03-23 17:28:00,0.0,,United Kingdom,-0.0
547593,20785,,-2,2011-03-24 11:18:00,0.0,,United Kingdom,-0.0
547595,82483,,-12,2011-03-24 11:20:00,0.0,,United Kingdom,-0.0
547596,84306,,-5,2011-03-24 11:20:00,0.0,,United Kingdom,-0.0
547597,17011F,,-18,2011-03-24 11:21:00,0.0,,United Kingdom,-0.0
547598,21332,,-25,2011-03-24 11:24:00,0.0,,United Kingdom,-0.0
547599,21361,,-10,2011-03-24 11:24:00,0.0,,United Kingdom,-0.0
547606,22173,,-22,2011-03-24 11:26:00,0.0,,United Kingdom,-0.0
547611,84631,,-9,2011-03-24 11:26:00,0.0,,United Kingdom,-0.0
547618,21547,,-12,2011-03-24 11:28:00,0.0,,United Kingdom,-0.0
547646,84849D,,-80,2011-03-24 11:42:00,0.0,,United Kingdom,-0.0
547699,21143,,-32,2011-03-24 16:38:00,0.0,,United Kingdom,-0.0
547700,21147,,-105,2011-03-24 16:39:00,0.0,,United Kingdom,-0.0
547701,84559D,,-7,2011-03-24 16:42:00,0.0,,United Kingdom,-0.0
547916,22459,,-36,2011-03-28 12:46:00,0.0,,United Kingdom,-0.0
547950,35241,damages?,-40,2011-03-28 15:11:00,0.0,,United Kingdom,-0.0
547989,21621,re dotcom quick fix.,-100,2011-03-29 09:36:00,0.0,,United Kingdom,-0.0
547994,21228,,-7,2011-03-29 10:18:00,0.0,,United Kingdom,-0.0
547995,35823P,,-12,2011-03-29 10:20:00,0.0,,United Kingdom,-0.0
547996,84534B,,-10,2011-03-29 10:22:00,0.0,,United Kingdom,-0.0
547997,20857,,-34,2011-03-29 10:22:00,0.0,,United Kingdom,-0.0
547998,20854,,-2,2011-03-29 10:23:00,0.0,,United Kingdom,-0.0
547999,20860,,-7,2011-03-29 10:24:00,0.0,,United Kingdom,-0.0
548000,85224,,-7,2011-03-29 10:24:00,0.0,,United Kingdom,-0.0
548002,21051,,-25,2011-03-29 10:27:00,0.0,,United Kingdom,-0.0
548008,21190,,-80,2011-03-29 10:52:00,0.0,,United Kingdom,-0.0
548069,20713,,-22,2011-03-29 12:10:00,0.0,,United Kingdom,-0.0
548095,20850,,-3,2011-03-29 12:17:00,0.0,,United Kingdom,-0.0
548098,21283,,-15,2011-03-29 12:17:00,0.0,,United Kingdom,-0.0
548104,84854,,-3,2011-03-29 12:18:00,0.0,,United Kingdom,-0.0
548110,21911,,-27,2011-03-29 12:20:00,0.0,,United Kingdom,-0.0
548149,72821,,-2,2011-03-29 12:36:00,0.0,,United Kingdom,-0.0
548173,85067,,-3,2011-03-29 14:17:00,0.0,,United Kingdom,-0.0
548175,46115B,,-2,2011-03-29 14:19:00,0.0,,United Kingdom,-0.0
548206,22469,,-53,2011-03-29 16:56:00,0.0,,United Kingdom,-0.0
548209,21621,,-30,2011-03-29 17:21:00,0.0,,United Kingdom,-0.0
548227,90099,,-19,2011-03-30 10:24:00,0.0,,United Kingdom,-0.0
548269,22036,,-45,2011-03-30 11:35:00,0.0,,United Kingdom,-0.0
548328,21527,,-21,2011-03-30 13:11:00,0.0,,United Kingdom,-0.0
548339,21827,,-42,2011-03-30 14:08:00,0.0,,United Kingdom,-0.0
548365,79172D,,-7,2011-03-30 15:49:00,0.0,,United Kingdom,-0.0
548366,84678,,-33,2011-03-30 15:50:00,0.0,,United Kingdom,-0.0
548369,84683,,-6,2011-03-30 16:00:00,0.0,,United Kingdom,-0.0
548376,22533,,-80,2011-03-30 16:39:00,0.0,,United Kingdom,-0.0
548377,85016,,-46,2011-03-30 16:40:00,0.0,,United Kingdom,-0.0
548378,22052,,-75,2011-03-30 16:41:00,0.0,,United Kingdom,-0.0
548380,22127,Dotcom sold in 6's,-60,2011-03-30 16:44:00,0.0,,United Kingdom,-0.0
548381,22127,sold in set?,-690,2011-03-30 16:45:00,0.0,,United Kingdom,-0.0
548382,84898F,,-2,2011-03-30 16:46:00,0.0,,United Kingdom,-0.0
548385,22168,,-19,2011-03-30 16:47:00,0.0,,United Kingdom,-0.0
548394,82494L,cracked,-39,2011-03-30 17:18:00,0.0,,United Kingdom,-0.0
548395,22194,,-9,2011-03-30 17:20:00,0.0,,United Kingdom,-0.0
548396,22719,sold as 22467,-25,2011-03-30 17:21:00,0.0,,United Kingdom,-0.0
548397,21195,,-30,2011-03-30 17:23:00,0.0,,United Kingdom,-0.0
548398,22482,,-66,2011-03-30 17:24:00,0.0,,United Kingdom,-0.0
548402,21040,,-5,2011-03-31 09:26:00,0.0,,United Kingdom,-0.0
548536,90010B,,-50,2011-03-31 17:34:00,0.0,,United Kingdom,-0.0
548537,90173,,-28,2011-03-31 17:35:00,0.0,,United Kingdom,-0.0
548540,90035A,,-9,2011-03-31 17:51:00,0.0,,United Kingdom,-0.0
548615,16010,,-7,2011-04-01 11:47:00,0.0,,United Kingdom,-0.0
548620,84313B,Damaged,-32,2011-04-01 11:53:00,0.0,,United Kingdom,-0.0
548646,21472,,-140,2011-04-01 13:15:00,0.0,,United Kingdom,-0.0
548662,82494L,,-180,2011-04-01 14:31:00,0.0,,United Kingdom,-0.0
548675,85185D,,-2,2011-04-01 16:39:00,0.0,,United Kingdom,-0.0
548676,72800F,,-5,2011-04-01 16:40:00,0.0,,United Kingdom,-0.0
548677,72781,,-30,2011-04-01 16:40:00,0.0,,United Kingdom,-0.0
548678,35015,,-9,2011-04-01 16:41:00,0.0,,United Kingdom,-0.0
548679,72793,,-3,2011-04-01 16:42:00,0.0,,United Kingdom,-0.0
548680,72800D,,-18,2011-04-01 16:43:00,0.0,,United Kingdom,-0.0
548682,72789,,-2,2011-04-01 16:44:00,0.0,,United Kingdom,-0.0
548684,72798C,,-2,2011-04-01 16:46:00,0.0,,United Kingdom,-0.0
548685,85018B,,-2,2011-04-01 16:47:00,0.0,,United Kingdom,-0.0
548693,22720,,-60,2011-04-01 17:25:00,0.0,,United Kingdom,-0.0
548886,85118,,-6,2011-04-04 15:23:00,0.0,,United Kingdom,-0.0
548887,35824B,,-8,2011-04-04 15:24:00,0.0,,United Kingdom,-0.0
548888,84726,,-14,2011-04-04 15:25:00,0.0,,United Kingdom,-0.0
548889,84875A,,-17,2011-04-04 15:26:00,0.0,,United Kingdom,-0.0
548890,84876C,,-19,2011-04-04 15:26:00,0.0,,United Kingdom,-0.0
548897,47570B,,-70,2011-04-04 16:22:00,0.0,,United Kingdom,-0.0
548980,22114,,-194,2011-04-05 12:21:00,0.0,,United Kingdom,-0.0
548986,21210,,-177,2011-04-05 12:46:00,0.0,,United Kingdom,-0.0
548989,72799F,,-46,2011-04-05 13:19:00,0.0,,United Kingdom,-0.0
548999,84743C,damages,-26,2011-04-05 14:34:00,0.0,,United Kingdom,-0.0
549000,35972,,-45,2011-04-05 14:35:00,0.0,,United Kingdom,-0.0
549001,84845D,,-5,2011-04-05 14:35:00,0.0,,United Kingdom,-0.0
549004,21274,,-3,2011-04-05 14:37:00,0.0,,United Kingdom,-0.0
549005,16020C,,-5,2011-04-05 14:37:00,0.0,,United Kingdom,-0.0
549006,84508B,,-23,2011-04-05 14:38:00,0.0,,United Kingdom,-0.0
549008,21281,,-31,2011-04-05 14:38:00,0.0,,United Kingdom,-0.0
549009,21474,,-8,2011-04-05 14:39:00,0.0,,United Kingdom,-0.0
549010,21684,,-62,2011-04-05 14:39:00,0.0,,United Kingdom,-0.0
549011,62096B,,-8,2011-04-05 14:41:00,0.0,,United Kingdom,-0.0
549028,84569A,,-18,2011-04-05 17:02:00,0.0,,United Kingdom,-0.0
549029,84569B,,-17,2011-04-05 17:03:00,0.0,,United Kingdom,-0.0
549030,84520B,,-61,2011-04-05 17:03:00,0.0,,United Kingdom,-0.0
549031,10134,,-19,2011-04-05 17:04:00,0.0,,United Kingdom,-0.0
549032,20778,,-6,2011-04-05 17:06:00,0.0,,United Kingdom,-0.0
549033,16254,,-5,2011-04-05 17:08:00,0.0,,United Kingdom,-0.0
549035,72051S,,-15,2011-04-05 17:09:00,0.0,,United Kingdom,-0.0
549036,84993B,,-54,2011-04-05 17:09:00,0.0,,United Kingdom,-0.0
549037,84569C,,-37,2011-04-05 17:09:00,0.0,,United Kingdom,-0.0
549038,84569D,,-70,2011-04-05 17:10:00,0.0,,United Kingdom,-0.0
549042,21681,,-2,2011-04-05 17:24:00,0.0,,United Kingdom,-0.0
549043,84990,,-24,2011-04-05 17:26:00,0.0,,United Kingdom,-0.0
549132,20756,,-70,2011-04-06 15:22:00,0.0,,United Kingdom,-0.0
549133,20759,,-52,2011-04-06 15:22:00,0.0,,United Kingdom,-0.0
549134,20758,,-54,2011-04-06 15:22:00,0.0,,United Kingdom,-0.0
549136,21414,,-3,2011-04-06 15:23:00,0.0,,United Kingdom,-0.0
549137,84459B,,-7,2011-04-06 15:24:00,0.0,,United Kingdom,-0.0
549139,22988,,-91,2011-04-06 15:26:00,0.0,,United Kingdom,-0.0
549142,35650,,-24,2011-04-06 15:26:00,0.0,,United Kingdom,-0.0
549143,84597C,,-17,2011-04-06 15:27:00,0.0,,United Kingdom,-0.0
549144,21416,,-14,2011-04-06 15:28:00,0.0,,United Kingdom,-0.0
549146,85017A,,-10,2011-04-06 15:29:00,0.0,,United Kingdom,-0.0
549147,20773,,-4,2011-04-06 15:30:00,0.0,,United Kingdom,-0.0
549149,35649,,-43,2011-04-06 15:31:00,0.0,,United Kingdom,-0.0
549150,79336,,-47,2011-04-06 15:32:00,0.0,,United Kingdom,-0.0
549156,17013D,,-9,2011-04-06 17:11:00,0.0,,United Kingdom,-0.0
549157,21511,,-9,2011-04-06 17:13:00,0.0,,United Kingdom,-0.0
549158,21910,,-1,2011-04-06 17:13:00,0.0,,United Kingdom,-0.0
549159,22052,,-25,2011-04-06 17:14:00,0.0,,United Kingdom,-0.0
549160,81953P,,-7,2011-04-06 17:15:00,0.0,,United Kingdom,-0.0
549161,21518,,-31,2011-04-06 17:15:00,0.0,,United Kingdom,-0.0
549164,16169P,,-75,2011-04-06 17:20:00,0.0,,United Kingdom,-0.0
549165,35815P,,-63,2011-04-06 17:20:00,0.0,,United Kingdom,-0.0
549167,84846A,,-8,2011-04-06 17:24:00,0.0,,United Kingdom,-0.0
549168,21161,,-10,2011-04-06 17:24:00,0.0,,United Kingdom,-0.0
549170,82545A,,-4,2011-04-06 17:25:00,0.0,,United Kingdom,-0.0
549171,84251F,,-2,2011-04-06 17:26:00,0.0,,United Kingdom,-0.0
549172,21637,,-139,2011-04-06 17:27:00,0.0,,United Kingdom,-0.0
549173,84218,,-2,2011-04-06 17:28:00,0.0,,United Kingdom,-0.0
549174,21160,,-7,2011-04-06 17:30:00,0.0,,United Kingdom,-0.0
549175,21171,,-30,2011-04-06 17:30:00,0.0,,United Kingdom,-0.0
549176,35603B,,-12,2011-04-06 17:31:00,0.0,,United Kingdom,-0.0
549178,47502,,-19,2011-04-06 17:33:00,0.0,,United Kingdom,-0.0
549179,84007,,-3,2011-04-06 17:34:00,0.0,,United Kingdom,-0.0
549180,84522,,-30,2011-04-06 17:34:00,0.0,,United Kingdom,-0.0
549244,79331,,-3,2011-04-07 11:53:00,0.0,,United Kingdom,-0.0
549264,21337,,-21,2011-04-07 12:45:00,0.0,,United Kingdom,-0.0
549266,84593,,-5,2011-04-07 12:45:00,0.0,,United Kingdom,-0.0
549267,46037A,,-5,2011-04-07 12:46:00,0.0,,United Kingdom,-0.0
549268,84856S,,-7,2011-04-07 12:47:00,0.0,,United Kingdom,-0.0
549270,84856L,,-27,2011-04-07 12:48:00,0.0,,United Kingdom,-0.0
549271,62096B,,-2,2011-04-07 12:48:00,0.0,,United Kingdom,-0.0
549326,21738,,-5,2011-04-08 10:45:00,0.0,,United Kingdom,-0.0
549328,51008,,-110,2011-04-08 10:49:00,0.0,,United Kingdom,-0.0
549329,84989A,,-1,2011-04-08 10:49:00,0.0,,United Kingdom,-0.0
549330,84251J,,-28,2011-04-08 10:53:00,0.0,,United Kingdom,-0.0
549331,40018F,,-22,2011-04-08 10:54:00,0.0,,United Kingdom,-0.0
549332,84864A,,-2,2011-04-08 10:55:00,0.0,,United Kingdom,-0.0
549340,20774,,-11,2011-04-08 11:02:00,0.0,,United Kingdom,-0.0
549342,35818B,,-53,2011-04-08 11:06:00,0.0,,United Kingdom,-0.0
549343,72815,,-3,2011-04-08 11:07:00,0.0,,United Kingdom,-0.0
549344,21825,,-14,2011-04-08 11:08:00,0.0,,United Kingdom,-0.0
549346,22033,,-50,2011-04-08 11:10:00,0.0,,United Kingdom,-0.0
549348,84251B,,-60,2011-04-08 11:13:00,0.0,,United Kingdom,-0.0
549349,10123G,,-38,2011-04-08 11:13:00,0.0,,United Kingdom,-0.0
549350,84597B,,-13,2011-04-08 11:14:00,0.0,,United Kingdom,-0.0
549351,85006,,-21,2011-04-08 11:14:00,0.0,,United Kingdom,-0.0
549355,84899F,,-5,2011-04-08 11:21:00,0.0,,United Kingdom,-0.0
549371,84921,,-17,2011-04-08 11:27:00,0.0,,United Kingdom,-0.0
549373,85008,,-2,2011-04-08 11:28:00,0.0,,United Kingdom,-0.0
549374,20775,,-29,2011-04-08 11:29:00,0.0,,United Kingdom,-0.0
549375,20863,,-6,2011-04-08 11:29:00,0.0,,United Kingdom,-0.0
549426,22078,,-201,2011-04-08 11:55:00,0.0,,United Kingdom,-0.0
549427,22797,damages,-12,2011-04-08 11:56:00,0.0,,United Kingdom,-0.0
549455,84858C,,-10,2011-04-08 14:18:00,0.0,,United Kingdom,-0.0
549456,47341A,,-6,2011-04-08 14:19:00,0.0,,United Kingdom,-0.0
549457,47344B,,-16,2011-04-08 14:19:00,0.0,,United Kingdom,-0.0
549458,62097B,,-6,2011-04-08 14:19:00,0.0,,United Kingdom,-0.0
549460,20716,,-82,2011-04-08 14:20:00,0.0,,United Kingdom,-0.0
549461,20731,,-16,2011-04-08 14:20:00,0.0,,United Kingdom,-0.0
549462,84910A,,-16,2011-04-08 14:21:00,0.0,,United Kingdom,-0.0
549463,84919,,-17,2011-04-08 14:21:00,0.0,,United Kingdom,-0.0
549464,20701,,-6,2011-04-08 14:21:00,0.0,,United Kingdom,-0.0
549465,84415B,,-5,2011-04-08 14:22:00,0.0,,United Kingdom,-0.0
549466,20816,,-11,2011-04-08 14:22:00,0.0,,United Kingdom,-0.0
549470,46775D,,-8,2011-04-08 14:28:00,0.0,,United Kingdom,-0.0
549506,22415,,-31,2011-04-08 15:07:00,0.0,,United Kingdom,-0.0
549510,84559B,,-158,2011-04-08 15:08:00,0.0,,United Kingdom,-0.0
549514,20820,,-3,2011-04-08 15:09:00,0.0,,United Kingdom,-0.0
549527,21620,mystery! Only ever imported 1800,-1479,2011-04-08 16:03:00,0.0,,United Kingdom,-0.0
549528,21422,,-55,2011-04-08 16:44:00,0.0,,United Kingdom,-0.0
549529,21830,"MERCHANT CHANDLER CREDIT ERROR, STO",-576,2011-04-08 16:56:00,0.0,,United Kingdom,-0.0
549531,21622,POSSIBLE DAMAGES OR LOST?,-750,2011-04-08 17:05:00,0.0,,United Kingdom,-0.0
549695,84751B,,-24,2011-04-11 13:50:00,0.0,,United Kingdom,-0.0
549846,21100,Damaged,-6,2011-04-12 14:30:00,0.0,,United Kingdom,-0.0
549848,84531A,,-34,2011-04-12 14:51:00,0.0,,United Kingdom,-0.0
549849,84531B,,-23,2011-04-12 14:51:00,0.0,,United Kingdom,-0.0
549935,35915C,damaged,-43,2011-04-13 11:16:00,0.0,,United Kingdom,-0.0
549948,37488A,damaged,-1,2011-04-13 12:55:00,0.0,,United Kingdom,-0.0
549950,37487B,Damaged,-6,2011-04-13 12:57:00,0.0,,United Kingdom,-0.0
549952,37482P,Damaged,-93,2011-04-13 13:05:00,0.0,,United Kingdom,-0.0
550133,85099F,,-1092,2011-04-14 13:49:00,0.0,,United Kingdom,-0.0
550153,85167B,DAMAGED,-1,2011-04-14 14:44:00,0.0,,United Kingdom,-0.0
550753,84763,Display,-150,2011-04-20 11:53:00,0.0,,United Kingdom,-0.0
550757,16202B,,-9,2011-04-20 12:08:00,0.0,,United Kingdom,-0.0
550758,85017A,,-8,2011-04-20 12:09:00,0.0,,United Kingdom,-0.0
550759,21087,,-7,2011-04-20 12:09:00,0.0,,United Kingdom,-0.0
550760,84750B,,-4,2011-04-20 12:09:00,0.0,,United Kingdom,-0.0
550762,85030,,-9,2011-04-20 12:10:00,0.0,,United Kingdom,-0.0
550763,84666,,-5,2011-04-20 12:11:00,0.0,,United Kingdom,-0.0
550800,22458,Missing,-65,2011-04-20 14:48:00,0.0,,United Kingdom,-0.0
550908,20827,damages,-68,2011-04-21 12:39:00,0.0,,United Kingdom,-0.0
550922,22784,damages,-25,2011-04-21 14:29:00,0.0,,United Kingdom,-0.0
550943,21316,,-5,2011-04-21 15:51:00,0.0,,United Kingdom,-0.0
550945,79329,,-2,2011-04-21 15:52:00,0.0,,United Kingdom,-0.0
550954,47013A,damaged,-2,2011-04-21 16:18:00,0.0,,United Kingdom,-0.0
550970,82599,,-11,2011-04-21 17:02:00,0.0,,United Kingdom,-0.0
551019,22467,wrong code?,-100,2011-04-26 11:19:00,0.0,,United Kingdom,-0.0
551020,22719,wrong code,-110,2011-04-26 11:19:00,0.0,,United Kingdom,-0.0
551168,85068,,-4,2011-04-26 16:06:00,0.0,,United Kingdom,-0.0
551201,16015,,-620,2011-04-27 11:33:00,0.0,,United Kingdom,-0.0
551243,51020B,adjust,-53,2011-04-27 11:49:00,0.0,,United Kingdom,-0.0
551302,48189,damaged,-18,2011-04-27 14:55:00,0.0,,United Kingdom,-0.0
551323,21398,damages,-9,2011-04-27 15:31:00,0.0,,United Kingdom,-0.0
551326,85017A,,-2,2011-04-27 15:51:00,0.0,,United Kingdom,-0.0
551327,84228,crushed,-4,2011-04-27 16:01:00,0.0,,United Kingdom,-0.0
551328,21320,,-23,2011-04-27 16:08:00,0.0,,United Kingdom,-0.0
551422,22084,,-150,2011-04-28 14:11:00,0.0,,United Kingdom,-0.0
551429,10002,,-3,2011-04-28 15:05:00,0.0,,United Kingdom,-0.0
551430,20966,,-3,2011-04-28 15:06:00,0.0,,United Kingdom,-0.0
551431,44091A,,-2,2011-04-28 15:06:00,0.0,,United Kingdom,-0.0
551432,21923,,-5,2011-04-28 15:06:00,0.0,,United Kingdom,-0.0
551433,21784,,-2,2011-04-28 15:07:00,0.0,,United Kingdom,-0.0
551434,20896,,-5,2011-04-28 15:07:00,0.0,,United Kingdom,-0.0
551435,20825,,-5,2011-04-28 15:08:00,0.0,,United Kingdom,-0.0
551441,85136B,,-4,2011-04-28 15:50:00,0.0,,United Kingdom,-0.0
551442,85060,,-4,2011-04-28 15:50:00,0.0,,United Kingdom,-0.0
551443,35920,,-4,2011-04-28 15:51:00,0.0,,United Kingdom,-0.0
551444,35809B,,-4,2011-04-28 15:58:00,0.0,,United Kingdom,-0.0
551446,35594,,-4,2011-04-28 15:58:00,0.0,,United Kingdom,-0.0
551447,35004C,,-4,2011-04-28 15:59:00,0.0,,United Kingdom,-0.0
551448,22734,,-4,2011-04-28 15:59:00,0.0,,United Kingdom,-0.0
551449,22525,,-4,2011-04-28 16:00:00,0.0,,United Kingdom,-0.0
551450,21410,,-4,2011-04-28 16:00:00,0.0,,United Kingdom,-0.0
551451,21330,,-4,2011-04-28 16:01:00,0.0,,United Kingdom,-0.0
551452,84715,,-3,2011-04-28 16:01:00,0.0,,United Kingdom,-0.0
551453,82494L,,-3,2011-04-28 16:01:00,0.0,,United Kingdom,-0.0
551454,78027,,-3,2011-04-28 16:02:00,0.0,,United Kingdom,-0.0
551455,37333,,-1,2011-04-28 16:03:00,0.0,,United Kingdom,-0.0
551456,22795,,-3,2011-04-28 16:03:00,0.0,,United Kingdom,-0.0
551457,22719,,-3,2011-04-28 16:04:00,0.0,,United Kingdom,-0.0
551459,22173,,-30,2011-04-28 16:04:00,0.0,,United Kingdom,-0.0
551461,21806,,-3,2011-04-28 16:05:00,0.0,,United Kingdom,-0.0
551553,22521,,-90,2011-05-03 10:15:00,0.0,,United Kingdom,-0.0
551554,22720,,-4,2011-05-03 10:19:00,0.0,,United Kingdom,-0.0
551565,85135A,,-7,2011-05-03 11:10:00,0.0,,United Kingdom,-0.0
551568,21038,,-6,2011-05-03 11:12:00,0.0,,United Kingdom,-0.0
551569,85226C,,-6,2011-05-03 11:13:00,0.0,,United Kingdom,-0.0
551570,85189,,-6,2011-05-03 11:13:00,0.0,,United Kingdom,-0.0
551571,47591A,,-6,2011-05-03 11:14:00,0.0,,United Kingdom,-0.0
551572,37424,,-6,2011-05-03 11:15:00,0.0,,United Kingdom,-0.0
551573,22726,,-5,2011-05-03 11:15:00,0.0,,United Kingdom,-0.0
551574,21692,,-6,2011-05-03 11:16:00,0.0,,United Kingdom,-0.0
551575,21412,,-6,2011-05-03 11:16:00,0.0,,United Kingdom,-0.0
551577,90100,,-5,2011-05-03 11:19:00,0.0,,United Kingdom,-0.0
551578,90037D,,-5,2011-05-03 11:19:00,0.0,,United Kingdom,-0.0
551579,85098B,,-5,2011-05-03 11:20:00,0.0,,United Kingdom,-0.0
551580,85084,,-5,2011-05-03 11:20:00,0.0,,United Kingdom,-0.0
551582,84857A,,-5,2011-05-03 11:21:00,0.0,,United Kingdom,-0.0
551583,84482,,-5,2011-05-03 11:21:00,0.0,,United Kingdom,-0.0
551586,21120,,-6,2011-05-03 11:24:00,0.0,,United Kingdom,-0.0
551589,21854,,-2,2011-05-03 11:30:00,0.0,,United Kingdom,-0.0
551663,84548,,-70,2011-05-03 12:34:00,0.0,,United Kingdom,-0.0
551664,20933,,-3,2011-05-03 12:34:00,0.0,,United Kingdom,-0.0
551666,84750A,,-10,2011-05-03 12:35:00,0.0,,United Kingdom,-0.0
551668,22444,,-10,2011-05-03 12:37:00,0.0,,United Kingdom,-0.0
551671,20734,,-10,2011-05-03 12:38:00,0.0,,United Kingdom,-0.0
551672,84631,,-4,2011-05-03 12:39:00,0.0,,United Kingdom,-0.0
551673,79192A,,-9,2011-05-03 12:39:00,0.0,,United Kingdom,-0.0
551689,22625,,-9,2011-05-03 13:35:00,0.0,,United Kingdom,-0.0
551690,21143,,-9,2011-05-03 13:35:00,0.0,,United Kingdom,-0.0
551695,22467,,-8,2011-05-03 13:37:00,0.0,,United Kingdom,-0.0
551700,85144,,-38,2011-05-03 14:13:00,0.0,,United Kingdom,-0.0
551701,84683,,-2,2011-05-03 14:15:00,0.0,,United Kingdom,-0.0
551704,22656,,-2,2011-05-03 14:33:00,0.0,,United Kingdom,-0.0
551705,22655,damages/showroom etc,-11,2011-05-03 14:35:00,0.0,,United Kingdom,-0.0
551722,20975,,-170,2011-05-03 16:50:00,0.0,,United Kingdom,-0.0
551723,22136,,-23,2011-05-03 16:51:00,0.0,,United Kingdom,-0.0
551735,21656,samples,-19,2011-05-04 10:25:00,0.0,,United Kingdom,-0.0
551837,79164,damages/credits from ASOS.,-1512,2011-05-04 13:23:00,0.0,,United Kingdom,-0.0
551838,35609A,,-51,2011-05-04 13:31:00,0.0,,United Kingdom,-0.0
552050,84916,,-32,2011-05-06 10:08:00,0.0,,United Kingdom,-0.0
552052,84917,,-8,2011-05-06 10:10:00,0.0,,United Kingdom,-0.0
552214,84872A,,-12,2011-05-06 15:11:00,0.0,,United Kingdom,-0.0
552215,17096,,-41,2011-05-06 15:12:00,0.0,,United Kingdom,-0.0
552216,21363,,-19,2011-05-06 15:12:00,0.0,,United Kingdom,-0.0
552218,84406B,,-38,2011-05-06 15:15:00,0.0,,United Kingdom,-0.0
552219,22073,,-56,2011-05-06 15:16:00,0.0,,United Kingdom,-0.0
552221,21043,,-38,2011-05-06 15:20:00,0.0,,United Kingdom,-0.0
552222,21974,,-45,2011-05-06 15:22:00,0.0,,United Kingdom,-0.0
552223,22524,,-49,2011-05-06 15:24:00,0.0,,United Kingdom,-0.0
552224,84766,,-37,2011-05-06 15:25:00,0.0,,United Kingdom,-0.0
552225,22775,,-40,2011-05-06 15:26:00,0.0,,United Kingdom,-0.0
552226,22035,,-160,2011-05-06 15:26:00,0.0,,United Kingdom,-0.0
552228,84912B,,-93,2011-05-06 15:29:00,0.0,,United Kingdom,-0.0
552331,22667,damaged,-30,2011-05-09 10:24:00,0.0,,United Kingdom,-0.0
552443,22796,Not rcvd in 10/11/2010 delivery,-360,2011-05-09 13:05:00,0.0,,United Kingdom,-0.0
552653,22926,,-48,2011-05-10 14:12:00,0.0,,United Kingdom,-0.0
552733,23059,Thrown away-rusty,-2376,2011-05-11 10:48:00,0.0,,United Kingdom,-0.0
552763,21137,,-25,2011-05-11 11:33:00,0.0,,United Kingdom,-0.0
552766,22084,,-56,2011-05-11 11:41:00,0.0,,United Kingdom,-0.0
552767,79164,,-47,2011-05-11 11:42:00,0.0,,United Kingdom,-0.0
552768,22087,,-26,2011-05-11 11:43:00,0.0,,United Kingdom,-0.0
552979,35970,,-217,2011-05-12 14:49:00,0.0,,United Kingdom,-0.0
553041,22521,,-9,2011-05-13 09:01:00,0.0,,United Kingdom,-0.0
553147,84879,damaged,-160,2011-05-13 13:58:00,0.0,,United Kingdom,-0.0
553391,37370,sold as set/6 by dotcom,-786,2011-05-16 16:42:00,0.0,,United Kingdom,-0.0
553394,15058A,wet/rusty,-30,2011-05-16 16:47:00,0.0,,United Kingdom,-0.0
553395,15058C,wet/rusty,-30,2011-05-16 16:47:00,0.0,,United Kingdom,-0.0
553396,22423,damages,-21,2011-05-16 16:48:00,0.0,,United Kingdom,-0.0
553398,37370,damages/dotcom?,-590,2011-05-16 17:07:00,0.0,,United Kingdom,-0.0
553399,84789,,-2,2011-05-16 17:08:00,0.0,,United Kingdom,-0.0
553400,20803,damages,-40,2011-05-16 17:09:00,0.0,,United Kingdom,-0.0
553401,22060,,-16,2011-05-16 17:10:00,0.0,,United Kingdom,-0.0
553413,21259,,-51,2011-05-17 09:45:00,0.0,,United Kingdom,-0.0
553548,75131,,-48,2011-05-17 15:57:00,0.0,,United Kingdom,-0.0
553651,46126A,,-23,2011-05-18 11:06:00,0.0,,United Kingdom,-0.0
553652,20826,,-168,2011-05-18 11:06:00,0.0,,United Kingdom,-0.0
553659,20967,,-77,2011-05-18 11:47:00,0.0,,United Kingdom,-0.0
553743,21318,,-62,2011-05-19 09:44:00,0.0,,United Kingdom,-0.0
553744,85141,,-7,2011-05-19 09:44:00,0.0,,United Kingdom,-0.0
554017,22520,,-101,2011-05-20 13:15:00,0.0,,United Kingdom,-0.0
554020,22518,,-30,2011-05-20 13:17:00,0.0,,United Kingdom,-0.0
554021,20886,,-65,2011-05-20 13:18:00,0.0,,United Kingdom,-0.0
554023,82613B,,-71,2011-05-20 13:20:00,0.0,,United Kingdom,-0.0
554024,20998,,-11,2011-05-20 13:21:00,0.0,,United Kingdom,-0.0
554128,84563A,damaged,-4,2011-05-23 09:26:00,0.0,,United Kingdom,-0.0
554133,84596J,,-3,2011-05-23 09:46:00,0.0,,United Kingdom,-0.0
554143,79030G,damages,-413,2011-05-23 10:40:00,0.0,,United Kingdom,-0.0
554144,79030D,damages,-664,2011-05-23 10:42:00,0.0,,United Kingdom,-0.0
554145,84313C,,-12,2011-05-23 10:43:00,0.0,,United Kingdom,-0.0
554276,22966,,-58,2011-05-23 13:19:00,0.0,,United Kingdom,-0.0
554287,22700,smashed,-48,2011-05-23 14:17:00,0.0,,United Kingdom,-0.0
554299,20975,,-39,2011-05-23 14:28:00,0.0,,United Kingdom,-0.0
554311,84743C,,-16,2011-05-23 15:28:00,0.0,,United Kingdom,-0.0
554312,84741C,,-2,2011-05-23 15:28:00,0.0,,United Kingdom,-0.0
554313,21144,,-63,2011-05-23 15:28:00,0.0,,United Kingdom,-0.0
554314,85195,,-13,2011-05-23 15:29:00,0.0,,United Kingdom,-0.0
554316,21195,,-1,2011-05-23 15:29:00,0.0,,United Kingdom,-0.0
554317,85198,,-11,2011-05-23 15:29:00,0.0,,United Kingdom,-0.0
554318,84535A,,-65,2011-05-23 15:30:00,0.0,,United Kingdom,-0.0
554319,47574B,,-13,2011-05-23 15:31:00,0.0,,United Kingdom,-0.0
554320,16053,,-102,2011-05-23 15:32:00,0.0,,United Kingdom,-0.0
554321,16244B,,-5,2011-05-23 15:32:00,0.0,,United Kingdom,-0.0
554328,21609,,-46,2011-05-23 16:49:00,0.0,,United Kingdom,-0.0
554360,22524,,-13,2011-05-24 09:59:00,0.0,,United Kingdom,-0.0
554432,85132A,damaged,-97,2011-05-24 12:16:00,0.0,,United Kingdom,-0.0
554488,84913A,,-75,2011-05-24 13:35:00,0.0,,United Kingdom,-0.0
554551,47566B,reverse previous adjustment,-1300,2011-05-25 09:58:00,0.0,,United Kingdom,-0.0
554553,47566B,incorrectly credited C550456 see 47,-1300,2011-05-25 09:59:00,0.0,,United Kingdom,-0.0
554559,16151A,,-2,2011-05-25 10:28:00,0.0,,United Kingdom,-0.0
554675,20903,,-33,2011-05-25 16:01:00,0.0,,United Kingdom,-0.0
554676,71143,,-31,2011-05-25 16:03:00,0.0,,United Kingdom,-0.0
554678,85086A,,-30,2011-05-25 16:03:00,0.0,,United Kingdom,-0.0
554679,35916A,,-21,2011-05-25 16:04:00,0.0,,United Kingdom,-0.0
554680,35916B,,-21,2011-05-25 16:04:00,0.0,,United Kingdom,-0.0
554681,35916C,,-32,2011-05-25 16:04:00,0.0,,United Kingdom,-0.0
554852,21272,?,-212,2011-05-27 09:24:00,0.0,,United Kingdom,-0.0
554907,40003,,-11,2011-05-27 11:45:00,0.0,,United Kingdom,-0.0
554928,21763,,-3,2011-05-27 13:03:00,0.0,,United Kingdom,-0.0
555330,84804A,wet damaged,-125,2011-06-02 11:11:00,0.0,,United Kingdom,-0.0
555331,84800L,wet damaged,-144,2011-06-02 11:11:00,0.0,,United Kingdom,-0.0
555332,84801A,wet damaged,-48,2011-06-02 11:11:00,0.0,,United Kingdom,-0.0
555333,84805B,wet damaged,-96,2011-06-02 11:12:00,0.0,,United Kingdom,-0.0
555334,84805A,wet damaged,-96,2011-06-02 11:12:00,0.0,,United Kingdom,-0.0
555335,84804B,,-96,2011-06-02 11:13:00,0.0,,United Kingdom,-0.0
555387,22276,,-59,2011-06-02 15:30:00,0.0,,United Kingdom,-0.0
555391,22501,,-10,2011-06-02 16:29:00,0.0,,United Kingdom,-0.0
555503,84313C,damaged,-1,2011-06-03 15:39:00,0.0,,United Kingdom,-0.0
555505,79030G,Water damaged,-16,2011-06-03 15:48:00,0.0,,United Kingdom,-0.0
555506,21397,damaged,-57,2011-06-03 16:03:00,0.0,,United Kingdom,-0.0
555821,21399,,-116,2011-06-07 12:01:00,0.0,,United Kingdom,-0.0
555822,35809A,,-13,2011-06-07 12:04:00,0.0,,United Kingdom,-0.0
555823,47021G,,-52,2011-06-07 12:06:00,0.0,,United Kingdom,-0.0
555824,21043,,-12,2011-06-07 12:06:00,0.0,,United Kingdom,-0.0
555838,22966,,-6,2011-06-07 12:37:00,0.0,,United Kingdom,-0.0
556012,15044B,,-27,2011-06-08 11:45:00,0.0,,United Kingdom,-0.0
556013,21662,,-17,2011-06-08 11:46:00,0.0,,United Kingdom,-0.0
556014,37476,,-3,2011-06-08 11:46:00,0.0,,United Kingdom,-0.0
556015,37501,,-13,2011-06-08 11:50:00,0.0,,United Kingdom,-0.0
556046,21890,missing,-140,2011-06-08 12:56:00,0.0,,United Kingdom,-0.0
556061,20906,,-21,2011-06-08 14:04:00,0.0,,United Kingdom,-0.0
556069,84226,,-34,2011-06-08 14:41:00,0.0,,United Kingdom,-0.0
556074,22519,,-19,2011-06-08 15:14:00,0.0,,United Kingdom,-0.0
556122,85019C,Damaged,-108,2011-06-09 10:12:00,0.0,,United Kingdom,-0.0
556123,22272,Damaged,-15,2011-06-09 10:13:00,0.0,,United Kingdom,-0.0
556124,17007B,,-4,2011-06-09 10:14:00,0.0,,United Kingdom,-0.0
556232,21135,sold as set on dotcom,-304,2011-06-09 15:15:00,0.0,,United Kingdom,-0.0
556233,21136,sold as set on dotcom,-272,2011-06-09 15:20:00,0.0,,United Kingdom,-0.0
556242,21700,sold as set on dotcom and amazon,-1206,2011-06-09 16:06:00,0.0,,United Kingdom,-0.0
556260,37340,sold as set on dotcom,-18,2011-06-09 18:02:00,0.0,,United Kingdom,-0.0
556261,79051A,sold as set on dotcom,-6,2011-06-09 18:03:00,0.0,,United Kingdom,-0.0
556262,37327,sold as set on dotcom,-95,2011-06-09 18:04:00,0.0,,United Kingdom,-0.0
556286,16052,,-16,2011-06-10 09:22:00,0.0,,United Kingdom,-0.0
556287,16043,,-45,2011-06-10 09:22:00,0.0,,United Kingdom,-0.0
556289,20823,,-102,2011-06-10 09:23:00,0.0,,United Kingdom,-0.0
556292,21472,,-1,2011-06-10 09:24:00,0.0,,United Kingdom,-0.0
556299,21937,?,-161,2011-06-10 10:17:00,0.0,,United Kingdom,-0.0
556300,20735,,-472,2011-06-10 10:18:00,0.0,,United Kingdom,-0.0
556301,22968,water damage,-50,2011-06-10 10:18:00,0.0,,United Kingdom,-0.0
556306,37479B,sold as set by dotcom,-30,2011-06-10 10:38:00,0.0,,United Kingdom,-0.0
556307,37479P,sold as set on dotcom,-30,2011-06-10 10:39:00,0.0,,United Kingdom,-0.0
556308,22130,sold as set on dotcom,-390,2011-06-10 10:43:00,0.0,,United Kingdom,-0.0
556309,22856,sold as set on dotcom,-30,2011-06-10 10:44:00,0.0,,United Kingdom,-0.0
556310,22944,sold as set on dotcom,-42,2011-06-10 10:44:00,0.0,,United Kingdom,-0.0
556311,37471,sold as set on dotcom,-12,2011-06-10 10:45:00,0.0,,United Kingdom,-0.0
556312,22924,sold as set on dotcom,-30,2011-06-10 10:46:00,0.0,,United Kingdom,-0.0
556313,22923,sold as set on dotcom,-12,2011-06-10 10:46:00,0.0,,United Kingdom,-0.0
556314,23155,sold as set on dotcom,-84,2011-06-10 10:47:00,0.0,,United Kingdom,-0.0
556315,22948,sold as set on dotcom,-108,2011-06-10 10:47:00,0.0,,United Kingdom,-0.0
556316,22128,sold as set on dotcom,-24,2011-06-10 10:48:00,0.0,,United Kingdom,-0.0
556317,22857,sold as set on dotcom,-48,2011-06-10 10:48:00,0.0,,United Kingdom,-0.0
556319,22945,sold as set on dotcom,-618,2011-06-10 10:49:00,0.0,,United Kingdom,-0.0
556320,22922,sold as set on dotcom,-42,2011-06-10 10:50:00,0.0,,United Kingdom,-0.0
556321,79163,sold as set on dotcom,-24,2011-06-10 10:50:00,0.0,,United Kingdom,-0.0
556322,22915,sold as set on dotcom,-204,2011-06-10 10:51:00,0.0,,United Kingdom,-0.0
556687,23003,Printing smudges/thrown away,-9058,2011-06-14 10:36:00,0.0,,United Kingdom,-0.0
556690,23005,printing smudges/thrown away,-9600,2011-06-14 10:37:00,0.0,,United Kingdom,-0.0
556691,23005,printing smudges/thrown away,-9600,2011-06-14 10:37:00,0.0,,United Kingdom,-0.0
556884,22698,,-61,2011-06-15 12:27:00,0.0,,United Kingdom,-0.0
556943,84809A,,-126,2011-06-15 16:54:00,0.0,,United Kingdom,-0.0
556944,84800L,,-29,2011-06-15 16:54:00,0.0,,United Kingdom,-0.0
556963,35965,found some more on shelf,-9,2011-06-16 09:40:00,0.0,,United Kingdom,-0.0
557025,22192,,-9,2011-06-16 13:09:00,0.0,,United Kingdom,-0.0
557028,79071B,,-4,2011-06-16 13:25:00,0.0,,United Kingdom,-0.0
557029,22480,,-24,2011-06-16 13:29:00,0.0,,United Kingdom,-0.0
557030,21446,,-50,2011-06-16 13:30:00,0.0,,United Kingdom,-0.0
557031,21447,,-65,2011-06-16 13:31:00,0.0,,United Kingdom,-0.0
557035,82583,?,-220,2011-06-16 13:52:00,0.0,,United Kingdom,-0.0
557036,20867,?,-271,2011-06-16 13:53:00,0.0,,United Kingdom,-0.0
557108,23113,Damaged,-1440,2011-06-16 15:58:00,0.0,,United Kingdom,-0.0
557390,21360,Show Samples,-4,2011-06-20 11:12:00,0.0,,United Kingdom,-0.0
557417,84809B,damaged,-324,2011-06-20 11:51:00,0.0,,United Kingdom,-0.0
557596,23114,Damaged,-1440,2011-06-21 11:33:00,0.0,,United Kingdom,-0.0
557597,23115,Damaged,-1440,2011-06-21 11:33:00,0.0,,United Kingdom,-0.0
557599,23116,Damaged,-1440,2011-06-21 11:34:00,0.0,,United Kingdom,-0.0
557600,23117,Damaged,-1440,2011-06-21 11:35:00,0.0,,United Kingdom,-0.0
557756,22567,,-14,2011-06-22 13:18:00,0.0,,United Kingdom,-0.0
557777,44265,,-5,2011-06-22 15:11:00,0.0,,United Kingdom,-0.0
557778,21161,,-38,2011-06-22 15:11:00,0.0,,United Kingdom,-0.0
557784,21421,damaged,-5,2011-06-22 15:49:00,0.0,,United Kingdom,-0.0
557806,84706D,,-5,2011-06-23 10:32:00,0.0,,United Kingdom,-0.0
557851,85130A,,-23,2011-06-23 10:57:00,0.0,,United Kingdom,-0.0
558032,22443,,-7,2011-06-24 12:14:00,0.0,,United Kingdom,-0.0
558033,84876B,,-59,2011-06-24 12:15:00,0.0,,United Kingdom,-0.0
558034,20658,,-78,2011-06-24 12:17:00,0.0,,United Kingdom,-0.0
558238,22722,,-21,2011-06-27 15:04:00,0.0,,United Kingdom,-0.0
558244,84796B,,-2,2011-06-27 15:52:00,0.0,,United Kingdom,-0.0
558268,21351,damaged,-220,2011-06-28 10:17:00,0.0,,United Kingdom,-0.0
558306,85232D,mix up with c,-118,2011-06-28 10:59:00,0.0,,United Kingdom,-0.0
558307,22088,,-39,2011-06-28 11:02:00,0.0,,United Kingdom,-0.0
558308,84576,,-10,2011-06-28 11:02:00,0.0,,United Kingdom,-0.0
558309,85132B,,-42,2011-06-28 11:03:00,0.0,,United Kingdom,-0.0
558318,85232A,,-14,2011-06-28 11:52:00,0.0,,United Kingdom,-0.0
558377,37423,,-17,2011-06-28 16:24:00,0.0,,United Kingdom,-0.0
558378,79161A,,-13,2011-06-28 16:27:00,0.0,,United Kingdom,-0.0
558379,22618,"mouldy, unsaleable.",-1681,2011-06-28 16:34:00,0.0,,United Kingdom,-0.0
558445,22034,,-18,2011-06-29 13:39:00,0.0,,United Kingdom,-0.0
558446,22164,,-80,2011-06-29 13:40:00,0.0,,United Kingdom,-0.0
558448,22163,,-90,2011-06-29 13:40:00,0.0,,United Kingdom,-0.0
558449,21807,,-35,2011-06-29 13:40:00,0.0,,United Kingdom,-0.0
558451,21817,,-80,2011-06-29 13:41:00,0.0,,United Kingdom,-0.0
558457,21147,?,-95,2011-06-29 13:59:00,0.0,,United Kingdom,-0.0
558464,35966,,-20,2011-06-29 15:17:00,0.0,,United Kingdom,-0.0
558476,84597B,damages,-6,2011-06-29 16:04:00,0.0,,United Kingdom,-0.0
558477,84597C,,-1,2011-06-29 16:04:00,0.0,,United Kingdom,-0.0
558520,21896,,-38,2011-06-30 10:25:00,0.0,,United Kingdom,-0.0
558723,84865,damaged,-7,2011-07-01 14:28:00,0.0,,United Kingdom,-0.0
558728,20826,,-1,2011-07-01 14:50:00,0.0,,United Kingdom,-0.0
558730,22060,damaged,-1,2011-07-01 14:51:00,0.0,,United Kingdom,-0.0
558732,47341A,,-1,2011-07-01 14:55:00,0.0,,United Kingdom,-0.0
558741,37444C,,-1,2011-07-01 15:52:00,0.0,,United Kingdom,-0.0
558742,62043B,,-1,2011-07-01 15:56:00,0.0,,United Kingdom,-0.0
558743,35810B,,-4,2011-07-01 15:56:00,0.0,,United Kingdom,-0.0
558890,84857C,,-24,2011-07-04 15:34:00,0.0,,United Kingdom,-0.0
559314,84584,?,-50,2011-07-07 13:51:00,0.0,,United Kingdom,-0.0
559365,22451,,-3,2011-07-08 08:53:00,0.0,,United Kingdom,-0.0
559373,16156S,,-110,2011-07-08 10:36:00,0.0,,United Kingdom,-0.0
559374,22050,,-100,2011-07-08 10:37:00,0.0,,United Kingdom,-0.0
559375,22051,?,-300,2011-07-08 10:37:00,0.0,,United Kingdom,-0.0
559376,48116,,-35,2011-07-08 10:38:00,0.0,,United Kingdom,-0.0
559378,21781,damages?,-39,2011-07-08 10:40:00,0.0,,United Kingdom,-0.0
559379,79337,,-8,2011-07-08 10:42:00,0.0,,United Kingdom,-0.0
559390,21700,,-110,2011-07-08 10:46:00,0.0,,United Kingdom,-0.0
559398,21169,,-70,2011-07-08 10:48:00,0.0,,United Kingdom,-0.0
559402,21635,,-8,2011-07-08 10:49:00,0.0,,United Kingdom,-0.0
559405,22863,,-7,2011-07-08 10:50:00,0.0,,United Kingdom,-0.0
559410,84341B,,-179,2011-07-08 10:51:00,0.0,,United Kingdom,-0.0
559414,22855,,-4,2011-07-08 10:52:00,0.0,,United Kingdom,-0.0
559423,71143,,-14,2011-07-08 12:06:00,0.0,,United Kingdom,-0.0
559655,21166,?,-124,2011-07-11 12:57:00,0.0,,United Kingdom,-0.0
559792,21067,,-66,2011-07-12 12:31:00,0.0,,United Kingdom,-0.0
559943,21578,?,-251,2011-07-14 10:21:00,0.0,,United Kingdom,-0.0
560037,22242,,-34,2011-07-14 14:00:00,0.0,,United Kingdom,-0.0
560039,20713,wrongly marked. 23343 in box,-3100,2011-07-14 14:27:00,0.0,,United Kingdom,-0.0
560091,44236,,-10,2011-07-14 17:03:00,0.0,,United Kingdom,-0.0
560110,21673,,-40,2011-07-15 09:51:00,0.0,,United Kingdom,-0.0
560111,84874B,,-3,2011-07-15 09:52:00,0.0,,United Kingdom,-0.0
560112,21683,,-38,2011-07-15 09:52:00,0.0,,United Kingdom,-0.0
560113,21865,,-40,2011-07-15 09:52:00,0.0,,United Kingdom,-0.0
560114,75172,,-35,2011-07-15 09:53:00,0.0,,United Kingdom,-0.0
560213,10123C,,-18,2011-07-15 15:05:00,0.0,,United Kingdom,-0.0
560214,16162L,,-54,2011-07-15 15:07:00,0.0,,United Kingdom,-0.0
560215,16162M,,-84,2011-07-15 15:08:00,0.0,,United Kingdom,-0.0
560423,16169K,,-25,2011-07-18 15:15:00,0.0,,United Kingdom,-0.0
560424,21503,,-84,2011-07-18 15:15:00,0.0,,United Kingdom,-0.0
560425,81950B,,-23,2011-07-18 15:15:00,0.0,,United Kingdom,-0.0
560427,84629,,-2,2011-07-18 15:16:00,0.0,,United Kingdom,-0.0
560428,21634,,-169,2011-07-18 15:17:00,0.0,,United Kingdom,-0.0
560440,84029E,,-1,2011-07-18 16:36:00,0.0,,United Kingdom,-0.0
560583,17096,,-7,2011-07-19 15:31:00,0.0,,United Kingdom,-0.0
560600,18007,,-2834,2011-07-19 17:04:00,0.0,,United Kingdom,-0.0
560717,84576,damaged,-3,2011-07-20 13:28:00,0.0,,United Kingdom,-0.0
560719,84877A,,-21,2011-07-20 13:30:00,0.0,,United Kingdom,-0.0
560722,16049,,-31,2011-07-20 13:37:00,0.0,,United Kingdom,-0.0
560730,84797B,,-2,2011-07-20 14:53:00,0.0,,United Kingdom,-0.0
560737,84798B,,-109,2011-07-20 15:34:00,0.0,,United Kingdom,-0.0
560830,81953B,,-6,2011-07-21 12:03:00,0.0,,United Kingdom,-0.0
560831,81950V,,-1,2011-07-21 12:04:00,0.0,,United Kingdom,-0.0
560867,21891,,-21,2011-07-21 14:10:00,0.0,,United Kingdom,-0.0
560923,22777,,-14,2011-07-22 08:54:00,0.0,,United Kingdom,-0.0
560939,84907,,-3,2011-07-22 11:20:00,0.0,,United Kingdom,-0.0
560940,72127,,-53,2011-07-22 11:20:00,0.0,,United Kingdom,-0.0
560941,85230E,,-178,2011-07-22 11:21:00,0.0,,United Kingdom,-0.0
561086,15036,,-530,2011-07-25 09:32:00,0.0,,United Kingdom,-0.0
561103,85103,stock creditted wrongly,-32,2011-07-25 11:23:00,0.0,,United Kingdom,-0.0
561107,84763,,-5,2011-07-25 11:42:00,0.0,,United Kingdom,-0.0
561108,46775D,,-7,2011-07-25 11:43:00,0.0,,United Kingdom,-0.0
561110,85087,,-16,2011-07-25 11:44:00,0.0,,United Kingdom,-0.0
561249,DCGS0073,ebay,-4,2011-07-26 11:51:00,0.0,,United Kingdom,-0.0
561250,DCGS0071,,-2,2011-07-26 11:51:00,0.0,,United Kingdom,-0.0
561251,DCGS0070,,-8,2011-07-26 11:51:00,0.0,,United Kingdom,-0.0
561252,DCGS0069,ebay,-5,2011-07-26 11:52:00,0.0,,United Kingdom,-0.0
561253,DCGS0068,ebay,-10,2011-07-26 11:52:00,0.0,,United Kingdom,-0.0
561254,DCGS0067,ebay,-11,2011-07-26 11:52:00,0.0,,United Kingdom,-0.0
561255,DCGS0066P,,-3,2011-07-26 11:52:00,0.0,,United Kingdom,-0.0
561256,DCGS0003,ebay,-7,2011-07-26 11:53:00,0.0,,United Kingdom,-0.0
561326,21294,damaged,-227,2011-07-26 13:50:00,0.0,,United Kingdom,-0.0
561354,21792,,-8,2011-07-26 14:50:00,0.0,,United Kingdom,-0.0
561362,84415A,,-11,2011-07-26 15:41:00,0.0,,United Kingdom,-0.0
561364,84415B,,-4,2011-07-26 15:42:00,0.0,,United Kingdom,-0.0
561475,84584,,-3,2011-07-27 13:29:00,0.0,,United Kingdom,-0.0
561476,21839,,-36,2011-07-27 13:29:00,0.0,,United Kingdom,-0.0
561478,20954,,-2,2011-07-27 13:32:00,0.0,,United Kingdom,-0.0
561479,21594,,-1,2011-07-27 13:32:00,0.0,,United Kingdom,-0.0
561480,21858,,-12,2011-07-27 13:32:00,0.0,,United Kingdom,-0.0
561481,20684,,-27,2011-07-27 13:38:00,0.0,,United Kingdom,-0.0
561482,21432,,-2,2011-07-27 13:39:00,0.0,,United Kingdom,-0.0
561484,77081,,-39,2011-07-27 13:41:00,0.0,,United Kingdom,-0.0
561486,21765,,-2,2011-07-27 13:48:00,0.0,,United Kingdom,-0.0
561487,22168,,-1,2011-07-27 13:51:00,0.0,,United Kingdom,-0.0
561489,84905,,-2,2011-07-27 13:52:00,0.0,,United Kingdom,-0.0
561491,21781,,-2,2011-07-27 13:56:00,0.0,,United Kingdom,-0.0
561492,22528,,-1,2011-07-27 13:57:00,0.0,,United Kingdom,-0.0
561493,84761,,-11,2011-07-27 13:59:00,0.0,,United Kingdom,-0.0
561494,18097A,,-23,2011-07-27 14:04:00,0.0,,United Kingdom,-0.0
561496,17090D,,-10,2011-07-27 14:08:00,0.0,,United Kingdom,-0.0
561498,21610,,-14,2011-07-27 14:10:00,0.0,,United Kingdom,-0.0
561500,85040B,,-1,2011-07-27 14:12:00,0.0,,United Kingdom,-0.0
561501,21278,,-1,2011-07-27 14:13:00,0.0,,United Kingdom,-0.0
561503,22194,,-4,2011-07-27 14:14:00,0.0,,United Kingdom,-0.0
561504,21361,,-7,2011-07-27 14:15:00,0.0,,United Kingdom,-0.0
561505,84925D,,-12,2011-07-27 14:16:00,0.0,,United Kingdom,-0.0
561506,72051S,,-1,2011-07-27 14:18:00,0.0,,United Kingdom,-0.0
561523,20973,,-45,2011-07-27 17:38:00,0.0,,United Kingdom,-0.0
561524,16020C,,-2,2011-07-27 17:39:00,0.0,,United Kingdom,-0.0
561525,84466,,-1,2011-07-27 17:40:00,0.0,,United Kingdom,-0.0
561526,21051,,-2,2011-07-27 17:40:00,0.0,,United Kingdom,-0.0
561527,20666,,-5,2011-07-27 17:40:00,0.0,,United Kingdom,-0.0
561536,84927E,,-2,2011-07-28 09:58:00,0.0,,United Kingdom,-0.0
561538,84927D,,-1,2011-07-28 09:58:00,0.0,,United Kingdom,-0.0
561539,79026B,,-1,2011-07-28 10:08:00,0.0,,United Kingdom,-0.0
561540,84279B,,-1,2011-07-28 10:08:00,0.0,,United Kingdom,-0.0
561541,21658,,-1,2011-07-28 10:09:00,0.0,,United Kingdom,-0.0
561543,22202,,-1,2011-07-28 10:10:00,0.0,,United Kingdom,-0.0
561553,21392,,-29,2011-07-28 10:20:00,0.0,,United Kingdom,-0.0
561555,37477B,,-11,2011-07-28 10:21:00,0.0,,United Kingdom,-0.0
561557,37477C,,-31,2011-07-28 10:21:00,0.0,,United Kingdom,-0.0
561609,47589,,-1,2011-07-28 12:24:00,0.0,,United Kingdom,-0.0
561639,84799,,-346,2011-07-28 14:58:00,0.0,,United Kingdom,-0.0
561640,84802B,,-125,2011-07-28 14:58:00,0.0,,United Kingdom,-0.0
561663,22501,incorrectly put back into stock,-108,2011-07-28 16:40:00,0.0,,United Kingdom,-0.0
561668,44091A,,-2,2011-07-28 17:03:00,0.0,,United Kingdom,-0.0
561805,23284,,-15,2011-07-29 14:42:00,0.0,,United Kingdom,-0.0
561918,85127,,-6,2011-08-01 12:05:00,0.0,,United Kingdom,-0.0
561919,85017B,,-188,2011-08-01 12:08:00,0.0,,United Kingdom,-0.0
561920,84352,Damages/samples,-52,2011-08-01 12:10:00,0.0,,United Kingdom,-0.0
561921,22044,,-240,2011-08-01 12:11:00,0.0,,United Kingdom,-0.0
561924,22042,,-197,2011-08-01 12:27:00,0.0,,United Kingdom,-0.0
561927,22740,?,-1060,2011-08-01 12:49:00,0.0,,United Kingdom,-0.0
562164,21257,?,-94,2011-08-03 12:08:00,0.0,,United Kingdom,-0.0
562212,21187,,-97,2011-08-03 13:28:00,0.0,,United Kingdom,-0.0
562278,21391,Sold as 1 on dotcom,-342,2011-08-04 10:27:00,0.0,,United Kingdom,-0.0
562279,21391,,-26,2011-08-04 10:28:00,0.0,,United Kingdom,-0.0
562352,21735,damages,-59,2011-08-04 13:12:00,0.0,,United Kingdom,-0.0
562382,22927,?,-40,2011-08-04 15:36:00,0.0,,United Kingdom,-0.0
562383,22523,?,-90,2011-08-04 15:37:00,0.0,,United Kingdom,-0.0
562384,23175,,-44,2011-08-04 15:41:00,0.0,,United Kingdom,-0.0
562385,47559B,,-84,2011-08-04 15:42:00,0.0,,United Kingdom,-0.0
562386,84596L,,-21,2011-08-04 15:43:00,0.0,,United Kingdom,-0.0
562390,21246,,-92,2011-08-04 16:00:00,0.0,,United Kingdom,-0.0
562391,22854,,-40,2011-08-04 16:02:00,0.0,,United Kingdom,-0.0
562463,85152,,-6,2011-08-05 11:30:00,0.0,,United Kingdom,-0.0
562464,20701,,-24,2011-08-05 11:31:00,0.0,,United Kingdom,-0.0
562544,84920,,-9,2011-08-05 15:46:00,0.0,,United Kingdom,-0.0
562546,20694,?,-110,2011-08-05 15:46:00,0.0,,United Kingdom,-0.0
562547,21918,,-343,2011-08-05 15:49:00,0.0,,United Kingdom,-0.0
562548,23084,,-84,2011-08-05 16:00:00,0.0,,United Kingdom,-0.0
562653,21359,,-30,2011-08-08 13:35:00,0.0,,United Kingdom,-0.0
562785,21033,,-455,2011-08-09 13:32:00,0.0,,United Kingdom,-0.0
562855,84800M,,-124,2011-08-10 10:16:00,0.0,,United Kingdom,-0.0
563148,21033,,-37,2011-08-12 11:35:00,0.0,,United Kingdom,-0.0
563244,22740,,-36,2011-08-15 10:49:00,0.0,,United Kingdom,-0.0
563453,21033,taig adjust no stock,-24,2011-08-16 14:34:00,0.0,,United Kingdom,-0.0
563650,79163,,-156,2011-08-18 10:43:00,0.0,,United Kingdom,-0.0
563652,22461,,-36,2011-08-18 10:43:00,0.0,,United Kingdom,-0.0
563700,85106,,-553,2011-08-18 13:55:00,0.0,,United Kingdom,-0.0
563704,37342,,-66,2011-08-18 14:03:00,0.0,,United Kingdom,-0.0
563715,90120D,,-18,2011-08-18 16:08:00,0.0,,United Kingdom,-0.0
564667,23084,,-400,2011-08-26 15:08:00,0.0,,United Kingdom,-0.0
564914,85132C,damages,-109,2011-08-31 12:40:00,0.0,,United Kingdom,-0.0
565042,85185B,,-27,2011-08-31 17:01:00,0.0,,United Kingdom,-0.0
565045,21670,,-115,2011-08-31 17:03:00,0.0,,United Kingdom,-0.0
565046,22606,,-49,2011-08-31 17:04:00,0.0,,United Kingdom,-0.0
565048,84976,,-66,2011-08-31 17:06:00,0.0,,United Kingdom,-0.0
565049,21907,,-77,2011-08-31 17:09:00,0.0,,United Kingdom,-0.0
565052,21179,,-60,2011-08-31 17:11:00,0.0,,United Kingdom,-0.0
565055,21172,,-10,2011-08-31 17:11:00,0.0,,United Kingdom,-0.0
565057,82551,,-110,2011-08-31 17:12:00,0.0,,United Kingdom,-0.0
565060,21165,,-46,2011-08-31 17:15:00,0.0,,United Kingdom,-0.0
565063,21175,,-18,2011-08-31 17:15:00,0.0,,United Kingdom,-0.0
565069,20665,,-49,2011-08-31 17:18:00,0.0,,United Kingdom,-0.0
565071,84754,,-242,2011-08-31 17:21:00,0.0,,United Kingdom,-0.0
565072,21820,,-210,2011-08-31 17:22:00,0.0,,United Kingdom,-0.0
565275,90209C,,-72,2011-09-02 11:08:00,0.0,,United Kingdom,-0.0
565296,84929,code mix up? 84930,-967,2011-09-02 12:04:00,0.0,,United Kingdom,-0.0
565297,84877D,?,-203,2011-09-02 12:06:00,0.0,,United Kingdom,-0.0
565302,21682,?display?,-156,2011-09-02 12:16:00,0.0,,United Kingdom,-0.0
565304,16259,,-3167,2011-09-02 12:18:00,0.0,,United Kingdom,-0.0
565306,21830,sold as 1,-252,2011-09-02 12:20:00,0.0,,United Kingdom,-0.0
565307,21830,?,-443,2011-09-02 12:20:00,0.0,,United Kingdom,-0.0
565308,21829,sold as 1,-432,2011-09-02 12:22:00,0.0,,United Kingdom,-0.0
565310,21829,?missing,-1897,2011-09-02 12:26:00,0.0,,United Kingdom,-0.0
565314,84660C,,-21,2011-09-02 12:43:00,0.0,,United Kingdom,-0.0
565370,82494L,crushed ctn,-33,2011-09-02 15:04:00,0.0,,United Kingdom,-0.0
565371,82483,crushed,-13,2011-09-02 15:04:00,0.0,,United Kingdom,-0.0
565385,22435,?missing,-434,2011-09-02 15:46:00,0.0,,United Kingdom,-0.0
565389,47343A,,-16,2011-09-02 16:19:00,0.0,,United Kingdom,-0.0
565935,23064,Crushed,-8,2011-09-08 10:46:00,0.0,,United Kingdom,-0.0
565938,23066,,-13,2011-09-08 10:54:00,0.0,,United Kingdom,-0.0
566066,15060B,,-52,2011-09-08 16:36:00,0.0,,United Kingdom,-0.0
566067,20686,,-95,2011-09-08 16:36:00,0.0,,United Kingdom,-0.0
566068,22268,,-86,2011-09-08 16:37:00,0.0,,United Kingdom,-0.0
566121,23306,,-682,2011-09-09 10:56:00,0.0,,United Kingdom,-0.0
566122,23084,temp adjustment,-484,2011-09-09 10:57:00,0.0,,United Kingdom,-0.0
566449,20856,??,-140,2011-09-12 16:07:00,0.0,,United Kingdom,-0.0
566573,22823,test,-22,2011-09-13 13:10:00,0.0,,United Kingdom,-0.0
566710,16207B,,-4,2011-09-14 12:03:00,0.0,,United Kingdom,-0.0
566711,21578,,-31,2011-09-14 12:03:00,0.0,,United Kingdom,-0.0
566712,22030,??,-635,2011-09-14 12:04:00,0.0,,United Kingdom,-0.0
566763,84708B,,-5,2011-09-14 17:48:00,0.0,,United Kingdom,-0.0
566764,23065,,-13,2011-09-14 17:49:00,0.0,,United Kingdom,-0.0
566765,22244,,-9,2011-09-14 17:50:00,0.0,,United Kingdom,-0.0
566766,21311,,-117,2011-09-14 17:51:00,0.0,,United Kingdom,-0.0
566767,20977,,-188,2011-09-14 17:52:00,0.0,,United Kingdom,-0.0
566768,16045,,-3667,2011-09-14 17:53:00,0.0,,United Kingdom,-0.0
566977,48173C,,-54,2011-09-16 09:47:00,0.0,,United Kingdom,-0.0
567057,84725,,-8,2011-09-16 11:39:00,0.0,,United Kingdom,-0.0
567058,22453,,-12,2011-09-16 11:40:00,0.0,,United Kingdom,-0.0
567059,22452,,-63,2011-09-16 11:41:00,0.0,,United Kingdom,-0.0
567060,22445,,-62,2011-09-16 11:41:00,0.0,,United Kingdom,-0.0
567061,84877B,,-27,2011-09-16 11:42:00,0.0,,United Kingdom,-0.0
567063,23135,,-27,2011-09-16 11:50:00,0.0,,United Kingdom,-0.0
567113,85215,Damaged,-29,2011-09-16 13:39:00,0.0,,United Kingdom,-0.0
567125,21246,damaged,-2,2011-09-16 13:49:00,0.0,,United Kingdom,-0.0
567127,85230E,Damaged,-48,2011-09-16 14:01:00,0.0,,United Kingdom,-0.0
567132,21830,OOPS ! adjustment,-384,2011-09-16 14:14:00,0.0,,United Kingdom,-0.0
567143,21179,damaged,-14,2011-09-16 15:02:00,0.0,,United Kingdom,-0.0
567149,35607B,thrown away,-9,2011-09-16 15:29:00,0.0,,United Kingdom,-0.0
567150,35817P,thrown away,-44,2011-09-16 15:29:00,0.0,,United Kingdom,-0.0
567363,23028,,-49,2011-09-19 16:58:00,0.0,,United Kingdom,-0.0
567364,22925,,-20,2011-09-19 16:58:00,0.0,,United Kingdom,-0.0
567366,21174,,-138,2011-09-19 16:59:00,0.0,,United Kingdom,-0.0
567367,17012A,,-86,2011-09-19 17:15:00,0.0,,United Kingdom,-0.0
567629,40016,?,-752,2011-09-21 13:21:00,0.0,,United Kingdom,-0.0
567645,21447,,-53,2011-09-21 14:27:00,0.0,,United Kingdom,-0.0
567693,85199L,?,-250,2011-09-21 17:26:00,0.0,,United Kingdom,-0.0
567694,22665,,-24,2011-09-21 17:30:00,0.0,,United Kingdom,-0.0
567695,22688,,-42,2011-09-21 17:31:00,0.0,,United Kingdom,-0.0
567696,23091,,-15,2011-09-21 17:32:00,0.0,,United Kingdom,-0.0
567719,20980,,-7,2011-09-22 10:32:00,0.0,,United Kingdom,-0.0
567861,35597A,,-14,2011-09-22 14:01:00,0.0,,United Kingdom,-0.0
567862,35591T,,-4,2011-09-22 14:02:00,0.0,,United Kingdom,-0.0
567918,79163,damaged,-1,2011-09-22 17:20:00,0.0,,United Kingdom,-0.0
567921,21089,damaged,-7,2011-09-22 17:24:00,0.0,,United Kingdom,-0.0
567923,37343,damaged,-2,2011-09-22 17:24:00,0.0,,United Kingdom,-0.0
567925,84876D,damaged,-2,2011-09-22 17:26:00,0.0,,United Kingdom,-0.0
567927,21654,Damaged,-3,2011-09-22 17:28:00,0.0,,United Kingdom,-0.0
567931,84563B,damaged,-11,2011-09-22 17:38:00,0.0,,United Kingdom,-0.0
567932,85213,,-12,2011-09-22 17:39:00,0.0,,United Kingdom,-0.0
567933,84422,Dagamed,-30,2011-09-22 17:49:00,0.0,,United Kingdom,-0.0
568052,90209C,,-3,2011-09-23 12:42:00,0.0,,United Kingdom,-0.0
568079,85197,,-1,2011-09-23 14:35:00,0.0,,United Kingdom,-0.0
568080,44236,,-2,2011-09-23 14:35:00,0.0,,United Kingdom,-0.0
568081,84663A,,-9,2011-09-23 14:36:00,0.0,,United Kingdom,-0.0
568084,84927A,,-7,2011-09-23 14:38:00,0.0,,United Kingdom,-0.0
568087,85049D,,-8,2011-09-23 14:40:00,0.0,,United Kingdom,-0.0
568088,21641,,-49,2011-09-23 14:40:00,0.0,,United Kingdom,-0.0
568089,22245,,-37,2011-09-23 14:41:00,0.0,,United Kingdom,-0.0
568090,20793,,-5,2011-09-23 14:41:00,0.0,,United Kingdom,-0.0
568091,85211,,-3,2011-09-23 14:41:00,0.0,,United Kingdom,-0.0
568093,20773,,-9,2011-09-23 14:42:00,0.0,,United Kingdom,-0.0
568233,21586,,-147,2011-09-26 11:37:00,0.0,,United Kingdom,-0.0
568302,20700,?,-121,2011-09-26 12:46:00,0.0,,United Kingdom,-0.0
568371,22687,,-41,2011-09-26 16:48:00,0.0,,United Kingdom,-0.0
568372,90082D,,-19,2011-09-26 16:54:00,0.0,,United Kingdom,-0.0
568401,21394,damages,-35,2011-09-27 10:30:00,0.0,,United Kingdom,-0.0
568403,84905,,-3,2011-09-27 10:35:00,0.0,,United Kingdom,-0.0
568404,22497,,-17,2011-09-27 10:36:00,0.0,,United Kingdom,-0.0
568405,22893,,-42,2011-09-27 10:36:00,0.0,,United Kingdom,-0.0
568406,18094C,,-67,2011-09-27 10:37:00,0.0,,United Kingdom,-0.0
568407,84660A,,-8,2011-09-27 10:38:00,0.0,,United Kingdom,-0.0
568442,37327,damages,-131,2011-09-27 11:31:00,0.0,,United Kingdom,-0.0
568543,84920,,-21,2011-09-27 14:33:00,0.0,,United Kingdom,-0.0
568545,22548,,-70,2011-09-27 14:34:00,0.0,,United Kingdom,-0.0
568546,22409,,-20,2011-09-27 14:35:00,0.0,,United Kingdom,-0.0
568724,84816,damages,-21,2011-09-28 16:27:00,0.0,,United Kingdom,-0.0
568725,79000,,-209,2011-09-28 16:28:00,0.0,,United Kingdom,-0.0
569098,21098,damages?,-231,2011-09-30 12:09:00,0.0,,United Kingdom,-0.0
569102,21098,,-129,2011-09-30 12:25:00,0.0,,United Kingdom,-0.0
569121,21244,,-38,2011-09-30 13:03:00,0.0,,United Kingdom,-0.0
569131,22927,damaged,-5,2011-09-30 13:49:00,0.0,,United Kingdom,-0.0
569256,20774,damaged,-14,2011-10-03 11:15:00,0.0,,United Kingdom,-0.0
569335,84660A,damaged,-15,2011-10-03 13:57:00,0.0,,United Kingdom,-0.0
569341,82600,historic computer difference?....se,-458,2011-10-03 14:19:00,0.0,,United Kingdom,-0.0
569347,85086A,,-6,2011-10-03 14:38:00,0.0,,United Kingdom,-0.0
569376,85106,,-9,2011-10-03 16:29:00,0.0,,United Kingdom,-0.0
569377,22784,,-14,2011-10-03 16:30:00,0.0,,United Kingdom,-0.0
569378,72799F,,-5,2011-10-03 16:31:00,0.0,,United Kingdom,-0.0
569379,16015,,-69,2011-10-03 16:33:00,0.0,,United Kingdom,-0.0
569380,21809,,-140,2011-10-03 16:40:00,0.0,,United Kingdom,-0.0
569391,84625C,,-32,2011-10-03 17:13:00,0.0,,United Kingdom,-0.0
569392,47504K,,-275,2011-10-03 17:15:00,0.0,,United Kingdom,-0.0
569393,23152,,-23,2011-10-03 17:15:00,0.0,,United Kingdom,-0.0
569394,21163,,-70,2011-10-03 17:16:00,0.0,,United Kingdom,-0.0
569464,23268,Incorrect stock entry.,-1440,2011-10-04 11:40:00,0.0,,United Kingdom,-0.0
569465,23269,incorrect stock entry.,-1440,2011-10-04 11:41:00,0.0,,United Kingdom,-0.0
569466,23270,incorrect stock entry.,-2880,2011-10-04 11:42:00,0.0,,United Kingdom,-0.0
569817,21870,,-26,2011-10-06 12:09:00,0.0,,United Kingdom,-0.0
569831,20713,wrongly coded-23343,-800,2011-10-06 12:38:00,0.0,,United Kingdom,-0.0
569854,35954,counted,-430,2011-10-06 14:26:00,0.0,,United Kingdom,-0.0
569855,23412,?,-30,2011-10-06 14:27:00,0.0,,United Kingdom,-0.0
569874,90180A,stock check,-32,2011-10-06 15:06:00,0.0,,United Kingdom,-0.0
569875,90195A,check,-45,2011-10-06 15:07:00,0.0,,United Kingdom,-0.0
569876,90210D,check,-28,2011-10-06 15:08:00,0.0,,United Kingdom,-0.0
569877,90210C,,-10,2011-10-06 15:09:00,0.0,,United Kingdom,-0.0
569878,90057,crushed boxes,-380,2011-10-06 15:12:00,0.0,,United Kingdom,-0.0
569879,90012B,check,-5,2011-10-06 15:13:00,0.0,,United Kingdom,-0.0
569880,90012A,stock check,-18,2011-10-06 15:14:00,0.0,,United Kingdom,-0.0
569881,90014C,,-8,2011-10-06 15:14:00,0.0,,United Kingdom,-0.0
569882,90014B,,-1,2011-10-06 15:15:00,0.0,,United Kingdom,-0.0
569883,90014A,check,-12,2011-10-06 15:16:00,0.0,,United Kingdom,-0.0
569884,90164B,,-14,2011-10-06 15:16:00,0.0,,United Kingdom,-0.0
569885,90164A,,-15,2011-10-06 15:17:00,0.0,,United Kingdom,-0.0
569886,90191,??,-60,2011-10-06 15:24:00,0.0,,United Kingdom,-0.0
570013,21395,,-38,2011-10-07 09:55:00,0.0,,United Kingdom,-0.0
570110,22570,?,-74,2011-10-07 12:27:00,0.0,,United Kingdom,-0.0
570112,22569,?,-84,2011-10-07 12:29:00,0.0,,United Kingdom,-0.0
570185,21090,WET/MOULDY,-192,2011-10-07 14:56:00,0.0,,United Kingdom,-0.0
570193,22449,can't find,-125,2011-10-07 15:32:00,0.0,,United Kingdom,-0.0
570259,22336,,-114,2011-10-10 09:59:00,0.0,,United Kingdom,-0.0
570260,35933,,-34,2011-10-10 10:00:00,0.0,,United Kingdom,-0.0
570262,35954,,-80,2011-10-10 10:00:00,0.0,,United Kingdom,-0.0
570264,21288,,-22,2011-10-10 10:03:00,0.0,,United Kingdom,-0.0
570294,84249A,damaged,-25,2011-10-10 12:00:00,0.0,,United Kingdom,-0.0
570403,47574A,check,-61,2011-10-10 12:45:00,0.0,,United Kingdom,-0.0
570440,21424,damages,-40,2011-10-10 14:31:00,0.0,,United Kingdom,-0.0
570595,21823,check,-94,2011-10-11 11:47:00,0.0,,United Kingdom,-0.0
570596,21803,check,-38,2011-10-11 11:48:00,0.0,,United Kingdom,-0.0
570599,84596G,??,-365,2011-10-11 12:00:00,0.0,,United Kingdom,-0.0
570691,85231G,check,-110,2011-10-11 16:44:00,0.0,,United Kingdom,-0.0
570711,21622,damages,-45,2011-10-12 10:14:00,0.0,,United Kingdom,-0.0
570712,22121,?,-90,2011-10-12 10:15:00,0.0,,United Kingdom,-0.0
570873,23322,mouldy,-40,2011-10-12 16:41:00,0.0,,United Kingdom,-0.0
570874,23020,smashed,-4,2011-10-12 16:42:00,0.0,,United Kingdom,-0.0
571010,22848,,-16,2011-10-13 12:13:00,0.0,,United Kingdom,-0.0
571011,21078,,-207,2011-10-13 12:13:00,0.0,,United Kingdom,-0.0
571012,21402,,-147,2011-10-13 12:15:00,0.0,,United Kingdom,-0.0
571013,23306,,-104,2011-10-13 12:16:00,0.0,,United Kingdom,-0.0
571024,22812,?,-270,2011-10-13 12:18:00,0.0,,United Kingdom,-0.0
571027,72816,,-36,2011-10-13 12:19:00,0.0,,United Kingdom,-0.0
571037,20669,,-25,2011-10-13 12:58:00,0.0,,United Kingdom,-0.0
571112,22637,damages,-65,2011-10-13 17:36:00,0.0,,United Kingdom,-0.0
571113,21407,,-19,2011-10-13 17:37:00,0.0,,United Kingdom,-0.0
571114,23159,,-99,2011-10-13 17:40:00,0.0,,United Kingdom,-0.0
571115,82567,,-73,2011-10-13 17:40:00,0.0,,United Kingdom,-0.0
571116,23131,?,-49,2011-10-13 17:46:00,0.0,,United Kingdom,-0.0
571124,72802A,Wet pallet-thrown away,-306,2011-10-14 09:36:00,0.0,,United Kingdom,-0.0
571126,72802A,?,-50,2011-10-14 09:53:00,0.0,,United Kingdom,-0.0
571130,72802C,check,-37,2011-10-14 10:05:00,0.0,,United Kingdom,-0.0
571131,72802B,check,-51,2011-10-14 10:13:00,0.0,,United Kingdom,-0.0
571254,23427,damaged,-2,2011-10-14 17:07:00,0.0,,United Kingdom,-0.0
571458,21761,damaged,-2,2011-10-17 14:02:00,0.0,,United Kingdom,-0.0
571459,20839,damages,-80,2011-10-17 14:03:00,0.0,,United Kingdom,-0.0
571686,22149,damages,-40,2011-10-18 14:22:00,0.0,,United Kingdom,-0.0
571687,22149,check,-46,2011-10-18 14:23:00,0.0,,United Kingdom,-0.0
571689,85135B,,-27,2011-10-18 14:28:00,0.0,,United Kingdom,-0.0
571723,85211,,-1,2011-10-18 17:30:00,0.0,,United Kingdom,-0.0
571915,21627,check,-32,2011-10-19 15:34:00,0.0,,United Kingdom,-0.0
572341,85036A,,-82,2011-10-24 10:36:00,0.0,,United Kingdom,-0.0
572468,72803A,damages,-160,2011-10-24 13:30:00,0.0,,United Kingdom,-0.0
572477,20665,adjustment,-15,2011-10-24 13:39:00,0.0,,United Kingdom,-0.0
572480,22049,damaged,-100,2011-10-24 13:44:00,0.0,,United Kingdom,-0.0
572514,20774,,-4,2011-10-24 14:36:00,0.0,,United Kingdom,-0.0
572516,22336,damaged,-71,2011-10-24 14:45:00,0.0,,United Kingdom,-0.0
572527,20984,damaged,-46,2011-10-24 15:35:00,0.0,,United Kingdom,-0.0
572533,84877D,,-1,2011-10-24 16:06:00,0.0,,United Kingdom,-0.0
572534,35597D,,-2,2011-10-24 16:07:00,0.0,,United Kingdom,-0.0
572536,21294,,-8,2011-10-24 16:08:00,0.0,,United Kingdom,-0.0
572543,22570,,-32,2011-10-24 16:24:00,0.0,,United Kingdom,-0.0
572548,23343,20713 wrongly marked,-200,2011-10-24 17:01:00,0.0,,United Kingdom,-0.0
572557,22427,damages,-29,2011-10-24 17:44:00,0.0,,United Kingdom,-0.0
572564,40016,,-108,2011-10-25 09:56:00,0.0,,United Kingdom,-0.0
572615,23595,re-adjustment,-5,2011-10-25 11:39:00,0.0,,United Kingdom,-0.0
572684,23029,damages,-20,2011-10-25 14:00:00,0.0,,United Kingdom,-0.0
572685,23032,damages,-60,2011-10-25 14:01:00,0.0,,United Kingdom,-0.0
572686,23118,Breakages,-30,2011-10-25 14:03:00,0.0,,United Kingdom,-0.0
572687,20840,damages,-30,2011-10-25 14:05:00,0.0,,United Kingdom,-0.0
572689,84969,check,-50,2011-10-25 14:13:00,0.0,,United Kingdom,-0.0
572690,21539,damages?,-111,2011-10-25 14:14:00,0.0,,United Kingdom,-0.0
572691,22426,check,-15,2011-10-25 14:15:00,0.0,,United Kingdom,-0.0
572692,21071,check,-82,2011-10-25 14:16:00,0.0,,United Kingdom,-0.0
572693,35810A,check,-78,2011-10-25 14:20:00,0.0,,United Kingdom,-0.0
572699,72818,,-48,2011-10-25 14:26:00,0.0,,United Kingdom,-0.0
572701,85078,missing,-840,2011-10-25 14:31:00,0.0,,United Kingdom,-0.0
572702,37479P,??,-184,2011-10-25 14:33:00,0.0,,United Kingdom,-0.0
572748,21824,check,-103,2011-10-25 16:50:00,0.0,,United Kingdom,-0.0
572749,22572,??,-335,2011-10-25 16:52:00,0.0,,United Kingdom,-0.0
572759,37468,,-2,2011-10-25 18:45:00,0.0,,United Kingdom,-0.0
572891,23343,20713,-400,2011-10-26 14:14:00,0.0,,United Kingdom,-0.0
572898,22180,,-15,2011-10-26 14:50:00,0.0,,United Kingdom,-0.0
572919,72802C,check,-17,2011-10-26 16:49:00,0.0,,United Kingdom,-0.0
572996,23462,damages,-34,2011-10-27 11:22:00,0.0,,United Kingdom,-0.0
573115,23343,wrongly coded 20713,-1000,2011-10-27 15:37:00,0.0,,United Kingdom,-0.0
573118,85032D,damaged,-1,2011-10-27 16:19:00,0.0,,United Kingdom,-0.0
573120,72816,,-1,2011-10-27 16:21:00,0.0,,United Kingdom,-0.0
573254,85135C,Damages,-49,2011-10-28 12:18:00,0.0,,United Kingdom,-0.0
573258,85136C,damages,-36,2011-10-28 12:19:00,0.0,,United Kingdom,-0.0
573259,85136A,damages,-77,2011-10-28 12:20:00,0.0,,United Kingdom,-0.0
573317,21804,,-84,2011-10-28 18:09:00,0.0,,United Kingdom,-0.0
573318,84944,,-47,2011-10-28 18:11:00,0.0,,United Kingdom,-0.0
573463,17012B,check,-70,2011-10-31 10:56:00,0.0,,United Kingdom,-0.0
573482,21181,check,-54,2011-10-31 11:20:00,0.0,,United Kingdom,-0.0
573487,23400,check,-19,2011-10-31 11:46:00,0.0,,United Kingdom,-0.0
573489,85035B,check,-36,2011-10-31 11:48:00,0.0,,United Kingdom,-0.0
573490,85035A,CHECK,-59,2011-10-31 11:55:00,0.0,,United Kingdom,-0.0
573491,21618,CHECK,-54,2011-10-31 11:56:00,0.0,,United Kingdom,-0.0
573493,21619,check,-94,2011-10-31 11:57:00,0.0,,United Kingdom,-0.0
573494,47503H,check,-24,2011-10-31 11:57:00,0.0,,United Kingdom,-0.0
573497,21642,check,-138,2011-10-31 12:00:00,0.0,,United Kingdom,-0.0
573498,21636,check,-22,2011-10-31 12:00:00,0.0,,United Kingdom,-0.0
573499,21192,check,-164,2011-10-31 12:01:00,0.0,,United Kingdom,-0.0
573503,22595,check,-80,2011-10-31 12:03:00,0.0,,United Kingdom,-0.0
573505,85208,check,-22,2011-10-31 12:09:00,0.0,,United Kingdom,-0.0
573547,84818,damages,-70,2011-10-31 13:21:00,0.0,,United Kingdom,-0.0
573590,79323G,"Unsaleable, destroyed.",-657,2011-10-31 15:15:00,0.0,,United Kingdom,-0.0
573591,79323B,"Unsaleable, destroyed.",-1671,2011-10-31 15:15:00,0.0,,United Kingdom,-0.0
573592,79323GR,"Unsaleable, destroyed.",-1158,2011-10-31 15:16:00,0.0,,United Kingdom,-0.0
573593,79323LP,"Unsaleable, destroyed.",-2618,2011-10-31 15:16:00,0.0,,United Kingdom,-0.0
573594,79323P,"Unsaleable, destroyed.",-2003,2011-10-31 15:16:00,0.0,,United Kingdom,-0.0
573595,79323S,"Unsaleable, destroyed.",-674,2011-10-31 15:17:00,0.0,,United Kingdom,-0.0
573596,79323W,"Unsaleable, destroyed.",-4830,2011-10-31 15:17:00,0.0,,United Kingdom,-0.0
573597,79341,"Unsaleable, destroyed.",-905,2011-10-31 15:18:00,0.0,,United Kingdom,-0.0
573598,79342B,"Unsaleable, destroyed.",-1128,2011-10-31 15:18:00,0.0,,United Kingdom,-0.0
573670,22176,check,-28,2011-10-31 17:02:00,0.0,,United Kingdom,-0.0
573672,22522,check,-126,2011-10-31 17:04:00,0.0,,United Kingdom,-0.0
573726,72817,check,-67,2011-10-31 17:18:00,0.0,,United Kingdom,-0.0
573734,72818,check,-26,2011-10-31 17:19:00,0.0,,United Kingdom,-0.0
573752,46000S,dotcom sales,-90,2011-11-01 09:34:00,0.0,,United Kingdom,-0.0
573815,20902,check,-3,2011-11-01 11:31:00,0.0,,United Kingdom,-0.0
573816,20898,check,-10,2011-11-01 11:32:00,0.0,,United Kingdom,-0.0
573919,21352,check,-23,2011-11-01 17:39:00,0.0,,United Kingdom,-0.0
574094,22147,check,-80,2011-11-03 09:46:00,0.0,,United Kingdom,-0.0
574123,22652,check,-111,2011-11-03 10:55:00,0.0,,United Kingdom,-0.0
574171,21818,check,-130,2011-11-03 11:45:00,0.0,,United Kingdom,-0.0
574173,35923,check,-42,2011-11-03 11:46:00,0.0,,United Kingdom,-0.0
574176,85054,check,-39,2011-11-03 11:48:00,0.0,,United Kingdom,-0.0
574198,21159,damaged,-40,2011-11-03 12:00:00,0.0,,United Kingdom,-0.0
574257,72818,,-3,2011-11-03 13:46:00,0.0,,United Kingdom,-0.0
574516,22162,,-24,2011-11-04 13:38:00,0.0,,United Kingdom,-0.0
574520,21181,,-6,2011-11-04 13:44:00,0.0,,United Kingdom,-0.0
574577,21519,check,-80,2011-11-04 17:09:00,0.0,,United Kingdom,-0.0
574578,40001,check,-240,2011-11-04 17:09:00,0.0,,United Kingdom,-0.0
574579,72802B,check,-203,2011-11-04 17:14:00,0.0,,United Kingdom,-0.0
574580,20751,check,-35,2011-11-04 17:44:00,0.0,,United Kingdom,-0.0
574581,23187,check,-62,2011-11-04 17:45:00,0.0,,United Kingdom,-0.0
574582,84279P,check,-104,2011-11-04 17:46:00,0.0,,United Kingdom,-0.0
574583,22892,check,-62,2011-11-04 17:46:00,0.0,,United Kingdom,-0.0
574757,72802C,damages,-54,2011-11-07 10:08:00,0.0,,United Kingdom,-0.0
574816,85036C,damages wax,-1560,2011-11-07 10:37:00,0.0,,United Kingdom,-0.0
574822,85036B,damages wax,-1284,2011-11-07 10:38:00,0.0,,United Kingdom,-0.0
574905,85017B,,-22,2011-11-07 15:28:00,0.0,,United Kingdom,-0.0
574906,85034A,damaged,-81,2011-11-07 15:30:00,0.0,,United Kingdom,-0.0
575048,84665,water damaged,-15,2011-11-08 12:12:00,0.0,,United Kingdom,-0.0
575287,84508A,check,-39,2011-11-09 12:15:00,0.0,,United Kingdom,-0.0
575386,20977,,-16,2011-11-09 15:22:00,0.0,,United Kingdom,-0.0
575503,35933,,-2,2011-11-10 10:19:00,0.0,,United Kingdom,-0.0
575613,23118,check,-6,2011-11-10 12:47:00,0.0,,United Kingdom,-0.0
575614,22121,check,-10,2011-11-10 12:48:00,0.0,,United Kingdom,-0.0
575615,82582,??,-130,2011-11-10 12:51:00,0.0,,United Kingdom,-0.0
575617,21014,check,-90,2011-11-10 12:53:00,0.0,,United Kingdom,-0.0
575625,35972,check,-3,2011-11-10 13:20:00,0.0,,United Kingdom,-0.0
575704,21843,smashed,-63,2011-11-10 17:00:00,0.0,,United Kingdom,-0.0
575714,85125,check,-64,2011-11-10 17:55:00,0.0,,United Kingdom,-0.0
575715,72802B,check,-36,2011-11-10 17:58:00,0.0,,United Kingdom,-0.0
575716,72802C,check,-21,2011-11-10 18:00:00,0.0,,United Kingdom,-0.0
575717,85175,check,-42,2011-11-10 18:02:00,0.0,,United Kingdom,-0.0
575720,21817,check,-8,2011-11-10 18:09:00,0.0,,United Kingdom,-0.0
575721,22804,Wrongly mrked had 85123a in box,-256,2011-11-10 18:19:00,0.0,,United Kingdom,-0.0
575722,85123A,wrongly marked carton 22804,-256,2011-11-10 18:20:00,0.0,,United Kingdom,-0.0
575907,22268,check,-10,2011-11-11 15:52:00,0.0,,United Kingdom,-0.0
575909,20711,check,-220,2011-11-11 16:02:00,0.0,,United Kingdom,-0.0
575912,22943,check,-7,2011-11-11 16:20:00,0.0,,United Kingdom,-0.0
576185,22575,missing?,-130,2011-11-14 11:25:00,0.0,,United Kingdom,-0.0
576193,22827,,-8,2011-11-14 11:57:00,0.0,,United Kingdom,-0.0
576250,71279,damages,-74,2011-11-14 13:50:00,0.0,,United Kingdom,-0.0
576366,23072,damages,-50,2011-11-14 18:30:00,0.0,,United Kingdom,-0.0
576367,23071,damages,-65,2011-11-14 18:31:00,0.0,,United Kingdom,-0.0
576368,21135,wet rusty,-864,2011-11-14 18:33:00,0.0,,United Kingdom,-0.0
576369,21135,wet rusty,-288,2011-11-14 18:35:00,0.0,,United Kingdom,-0.0
576407,47590B,check,-57,2011-11-15 11:18:00,0.0,,United Kingdom,-0.0
576410,71038,check,-16,2011-11-15 11:20:00,0.0,,United Kingdom,-0.0
576411,85111,check,-117,2011-11-15 11:20:00,0.0,,United Kingdom,-0.0
576413,17012C,check,-22,2011-11-15 11:21:00,0.0,,United Kingdom,-0.0
576415,17012B,,-2,2011-11-15 11:22:00,0.0,,United Kingdom,-0.0
576419,85036B,check,-23,2011-11-15 11:23:00,0.0,,United Kingdom,-0.0
576424,85036C,check,-4,2011-11-15 11:24:00,0.0,,United Kingdom,-0.0
576436,22943,check,-26,2011-11-15 11:27:00,0.0,,United Kingdom,-0.0
576473,21868,,-108,2011-11-15 11:40:00,0.0,,United Kingdom,-0.0
576566,21830,,-186,2011-11-15 13:39:00,0.0,,United Kingdom,-0.0
576569,47504K,,-21,2011-11-15 13:45:00,0.0,,United Kingdom,-0.0
576578,22412,,-37,2011-11-15 14:05:00,0.0,,United Kingdom,-0.0
576580,22034,,-5,2011-11-15 14:15:00,0.0,,United Kingdom,-0.0
576674,21823,damaged,-6,2011-11-16 12:00:00,0.0,,United Kingdom,-0.0
576762,21744,check,-21,2011-11-16 13:08:00,0.0,,United Kingdom,-0.0
576763,23035,check,-64,2011-11-16 13:09:00,0.0,,United Kingdom,-0.0
576764,16008,check,-1510,2011-11-16 13:10:00,0.0,,United Kingdom,-0.0
576765,22219,???lost,-550,2011-11-16 13:11:00,0.0,,United Kingdom,-0.0
576767,22339,check,-60,2011-11-16 13:12:00,0.0,,United Kingdom,-0.0
576773,22181,check,-92,2011-11-16 13:21:00,0.0,,United Kingdom,-0.0
576776,21811,check,-240,2011-11-16 13:22:00,0.0,,United Kingdom,-0.0
576835,21618,,-2,2011-11-16 15:10:00,0.0,,United Kingdom,-0.0
576839,35818B,adjustment,-22,2011-11-16 15:21:00,0.0,,United Kingdom,-0.0
576843,10133,damaged,-82,2011-11-16 15:32:00,0.0,,United Kingdom,-0.0
577111,22587,check,-41,2011-11-17 17:55:00,0.0,,United Kingdom,-0.0
577112,22586,check,-30,2011-11-17 17:55:00,0.0,,United Kingdom,-0.0
577113,22271,check,-43,2011-11-17 17:58:00,0.0,,United Kingdom,-0.0
577114,21786,check,-209,2011-11-17 17:59:00,0.0,,United Kingdom,-0.0
577115,85035C,check,-24,2011-11-17 18:02:00,0.0,,United Kingdom,-0.0
577116,21165,check,-28,2011-11-17 18:04:00,0.0,,United Kingdom,-0.0
577118,22286,check,-47,2011-11-17 18:05:00,0.0,,United Kingdom,-0.0
577119,22778,check,-10,2011-11-17 18:08:00,0.0,,United Kingdom,-0.0
577120,20752,check,-10,2011-11-17 18:09:00,0.0,,United Kingdom,-0.0
577122,23348,sold with wrong barcode,-57,2011-11-17 18:33:00,0.0,,United Kingdom,-0.0
577123,23288,check,-63,2011-11-17 18:34:00,0.0,,United Kingdom,-0.0
577124,22759,check,-327,2011-11-17 18:41:00,0.0,,United Kingdom,-0.0
577304,20956,check,-152,2011-11-18 13:04:00,0.0,,United Kingdom,-0.0
577305,22946,check,-21,2011-11-18 13:06:00,0.0,,United Kingdom,-0.0
577307,16169E,check,-313,2011-11-18 13:06:00,0.0,,United Kingdom,-0.0
577787,23055,rusty thrown away,-398,2011-11-21 16:28:00,0.0,,United Kingdom,-0.0
577788,23056,rusty throw away,-210,2011-11-21 16:28:00,0.0,,United Kingdom,-0.0
577789,23057,rusty throw away,-280,2011-11-21 16:28:00,0.0,,United Kingdom,-0.0
577836,21888,check,-57,2011-11-22 10:26:00,0.0,,United Kingdom,-0.0
577999,21018,damaged,-63,2011-11-22 12:29:00,0.0,,United Kingdom,-0.0
578095,23397,damaged,-9,2011-11-22 17:25:00,0.0,,United Kingdom,-0.0
578145,22579,dotcom,-40,2011-11-23 11:07:00,0.0,,United Kingdom,-0.0
578245,22568,?? missing,-170,2011-11-23 12:37:00,0.0,,United Kingdom,-0.0
578327,72807A,wet pallet,-504,2011-11-23 17:55:00,0.0,,United Kingdom,-0.0
578328,72807B,wet pallet,-696,2011-11-23 17:55:00,0.0,,United Kingdom,-0.0
578329,72807C,wet pallet,-408,2011-11-23 17:56:00,0.0,,United Kingdom,-0.0
578426,23131,,-12,2011-11-24 12:03:00,0.0,,United Kingdom,-0.0
578431,22579,,-18,2011-11-24 12:15:00,0.0,,United Kingdom,-0.0
578473,72807B,damages,-101,2011-11-24 12:43:00,0.0,,United Kingdom,-0.0
578474,72807A,damages,-56,2011-11-24 12:44:00,0.0,,United Kingdom,-0.0
578475,72807C,damages,-149,2011-11-24 12:44:00,0.0,,United Kingdom,-0.0
578476,72807B,????missing,-124,2011-11-24 12:45:00,0.0,,United Kingdom,-0.0
578477,72807A,???missing,-224,2011-11-24 12:45:00,0.0,,United Kingdom,-0.0
578478,72807C,???missing,-428,2011-11-24 12:45:00,0.0,,United Kingdom,-0.0
578524,22810,check,-25,2011-11-24 14:20:00,0.0,,United Kingdom,-0.0
578525,22152,check,-179,2011-11-24 14:21:00,0.0,,United Kingdom,-0.0
578527,21819,check,-14,2011-11-24 14:24:00,0.0,,United Kingdom,-0.0
578528,22601,check,-20,2011-11-24 14:24:00,0.0,,United Kingdom,-0.0
578529,22087,,-23,2011-11-24 14:29:00,0.0,,United Kingdom,-0.0
578733,21643,damaged,-9,2011-11-25 11:32:00,0.0,,United Kingdom,-0.0
578738,21638,,-33,2011-11-25 11:33:00,0.0,,United Kingdom,-0.0
578837,35833P,check,-24,2011-11-25 15:51:00,0.0,,United Kingdom,-0.0
578838,21591,check,-267,2011-11-25 15:52:00,0.0,,United Kingdom,-0.0
578839,22959,check,-175,2011-11-25 15:52:00,0.0,,United Kingdom,-0.0
578840,22142,check,-70,2011-11-25 15:54:00,0.0,,United Kingdom,-0.0
579429,20711,lost in space,-98,2011-11-29 13:04:00,0.0,,United Kingdom,-0.0
579460,21110,,-151,2011-11-29 14:39:00,0.0,,United Kingdom,-0.0
579681,21615,check,-26,2011-11-30 13:33:00,0.0,,United Kingdom,-0.0
579682,85172,check,-145,2011-11-30 13:33:00,0.0,,United Kingdom,-0.0
579683,21868,check,-28,2011-11-30 13:35:00,0.0,,United Kingdom,-0.0
579688,21116,,-33,2011-11-30 13:51:00,0.0,,United Kingdom,-0.0
579691,47503A,,-5,2011-11-30 14:05:00,0.0,,United Kingdom,-0.0
579731,35648,check,-46,2011-11-30 14:23:00,0.0,,United Kingdom,-0.0
579732,35648,check,-10,2011-11-30 14:24:00,0.0,,United Kingdom,-0.0
579733,84581,check,-41,2011-11-30 14:24:00,0.0,,United Kingdom,-0.0
579734,84859C,wet?,-153,2011-11-30 14:25:00,0.0,,United Kingdom,-0.0
579735,21793,check,-40,2011-11-30 14:25:00,0.0,,United Kingdom,-0.0
579742,85204,lost??,-1131,2011-11-30 14:34:00,0.0,,United Kingdom,-0.0
579743,21810,check,-135,2011-11-30 14:36:00,0.0,,United Kingdom,-0.0
579745,22043,check,-40,2011-11-30 14:39:00,0.0,,United Kingdom,-0.0
579755,84912B,damaged,-14,2011-11-30 14:54:00,0.0,,United Kingdom,-0.0
580087,84341B,,-2,2011-12-01 14:27:00,0.0,,United Kingdom,-0.0
580218,22577,check,-300,2011-12-02 12:12:00,0.0,,United Kingdom,-0.0
580359,20775,,-35,2011-12-02 16:11:00,0.0,,United Kingdom,-0.0
580377,84609,damages,-29,2011-12-02 17:52:00,0.0,,United Kingdom,-0.0
580378,22792,damages,-73,2011-12-02 17:56:00,0.0,,United Kingdom,-0.0
580379,72225C,,-144,2011-12-02 17:57:00,0.0,,United Kingdom,-0.0
580380,21620,check,-20,2011-12-02 17:58:00,0.0,,United Kingdom,-0.0
580381,21758,,-9,2011-12-02 17:58:00,0.0,,United Kingdom,-0.0
580382,16045,check,-900,2011-12-02 17:59:00,0.0,,United Kingdom,-0.0
580383,20652,check,-37,2011-12-02 17:59:00,0.0,,United Kingdom,-0.0
580546,23406,CHECK,-21,2011-12-05 09:27:00,0.0,,United Kingdom,-0.0
580547,21201,???,-390,2011-12-05 09:29:00,0.0,,United Kingdom,-0.0
580561,22043,dotcom,-9,2011-12-05 10:25:00,0.0,,United Kingdom,-0.0
580990,21109,wet,-48,2011-12-06 16:54:00,0.0,,United Kingdom,-0.0
580991,22481,wet boxes,-288,2011-12-06 16:55:00,0.0,,United Kingdom,-0.0
581190,84801A,check,-102,2011-12-07 16:55:00,0.0,,United Kingdom,-0.0
581198,22025,check,-30,2011-12-07 18:26:00,0.0,,United Kingdom,-0.0
581199,84581,,-2,2011-12-07 18:26:00,0.0,,United Kingdom,-0.0
581200,84508C,check,-21,2011-12-07 18:27:00,0.0,,United Kingdom,-0.0
581201,22217,damages?,-155,2011-12-07 18:30:00,0.0,,United Kingdom,-0.0
581204,85104,????damages????,-355,2011-12-07 18:32:00,0.0,,United Kingdom,-0.0
581205,20893,damages,-55,2011-12-07 18:32:00,0.0,,United Kingdom,-0.0
581206,21693,mixed up,-87,2011-12-07 18:34:00,0.0,,United Kingdom,-0.0
581207,21688,mixed up,-337,2011-12-07 18:34:00,0.0,,United Kingdom,-0.0
581208,72801C,check,-10,2011-12-07 18:35:00,0.0,,United Kingdom,-0.0
581210,23395,check,-26,2011-12-07 18:36:00,0.0,,United Kingdom,-0.0
581212,22578,lost,-1050,2011-12-07 18:38:00,0.0,,United Kingdom,-0.0
581213,22576,check,-30,2011-12-07 18:38:00,0.0,,United Kingdom,-0.0
581226,23090,missing,-338,2011-12-08 09:56:00,0.0,,United Kingdom,-0.0
581422,23169,smashed,-235,2011-12-08 15:24:00,0.0,,United Kingdom,-0.0
