ad_id,xyz_campaign_id,fb_campaign_id,age,gender,interest,impressions,clicks,spent,total_conversion,approved_conversion
708746,916,103916,30-34,M,15,7350.0,1,1.4299999475479126,2,1
708749,916,103917,30-34,M,16,17861.0,2,1.8200000524520874,2,0
708771,916,103920,30-34,M,20,693.0,0,0.0,1,0
708815,916,103928,30-34,M,28,4259.0,1,1.25,1,0
708818,916,103928,30-34,M,28,4133.0,1,1.2899999618530273,1,1
708820,916,103929,30-34,M,29,1915.0,0,0.0,1,1
708889,916,103940,30-34,M,15,15615.0,3,4.769999980926514,1,0
708895,916,103941,30-34,M,16,10951.0,1,1.2699999809265137,1,1
708953,916,103951,30-34,M,27,2355.0,1,1.5,1,0
708958,916,103952,30-34,M,28,9502.0,3,3.1600000858306885,1,0
708979,916,103955,30-34,M,31,1224.0,0,0.0,1,0
709023,916,103962,30-34,M,7,735.0,0,0.0,1,0
709038,916,103965,30-34,M,16,5117.0,0,0.0,1,0
709040,916,103965,30-34,M,16,5120.0,0,0.0,1,0
709059,916,103968,30-34,M,20,14669.0,7,10.280000686645508,1,1
709105,916,103976,30-34,M,28,1241.0,0,0.0,1,1
709115,916,103978,30-34,M,30,2305.0,1,0.5699999928474426,1,0
709124,916,103979,30-34,M,31,1024.0,0,0.0,1,1
709179,916,103988,35-39,M,15,4627.0,1,1.690000057220459,1,0
709183,916,103989,35-39,M,16,21026.0,4,4.630000114440918,2,1
709320,916,104012,35-39,M,15,1422.0,0,0.0,1,1
709323,916,104012,35-39,M,15,7132.0,2,2.609999895095825,1,0
709326,916,104013,35-39,M,16,12190.0,2,3.049999952316284,1,0
709327,916,104013,35-39,M,16,12193.0,2,3.059999942779541,1,1
709328,916,104013,35-39,M,16,3332.0,0,0.0,1,1
709455,916,104034,35-39,M,7,559.0,0,0.0,1,0
709544,916,104049,35-39,M,29,7440.0,2,2.9800000190734863,1,1
709614,916,104061,40-44,M,16,19113.0,4,5.519999980926514,1,0
709756,916,104085,40-44,M,16,10976.0,2,1.690000057220459,1,1
709761,916,104085,40-44,M,16,2861.0,0,0.0,1,0
709899,916,104108,40-44,M,15,1398.0,0,0.0,1,1
709901,916,104109,40-44,M,16,23817.0,7,8.470000267028809,1,1
710045,916,104133,45-49,M,16,47224.0,12,15.819999694824219,1,0
710088,916,104140,45-49,M,24,2283.0,1,1.4700000286102295,1,0
710360,916,104185,45-49,M,21,2182.0,1,1.5299999713897705,1,1
710477,916,104205,30-34,F,16,2654.0,0,0.0,1,1
710480,916,104205,30-34,F,16,57665.0,14,18.06999969482422,1,1
710571,916,104220,30-34,F,32,3091.0,1,1.6100000143051147,1,1
710617,916,104228,30-34,F,15,5014.0,1,1.190000057220459,1,0
710623,916,104229,30-34,F,16,38726.0,7,9.220000267028809,1,0
710628,916,104230,30-34,F,18,1473.0,0,0.0,1,0
710682,916,104239,30-34,F,27,1186.0,0,0.0,1,0
710763,916,104252,30-34,F,15,5369.0,1,1.5099999904632568,1,0
710836,916,104265,30-34,F,29,22221.0,7,9.430000305175781,1,1
710867,916,104270,30-34,F,63,1185.0,0,0.0,1,0
710880,916,104272,30-34,F,65,13019.0,5,6.960000038146973,1,0
710961,916,104285,35-39,F,25,2508.0,1,1.2200000286102295,1,0
710968,916,104287,35-39,F,27,5864.0,2,2.799999952316284,1,1
711217,916,104328,35-39,F,20,2783.0,1,1.600000023841858,1,0
711623,916,104396,40-44,F,15,3812.0,1,1.1299999952316284,2,1
711764,916,104419,45-49,F,10,11199.0,4,5.730000019073486,1,1
711785,916,104423,45-49,F,19,292.0,0,0.0,1,0
711877,916,104438,45-49,F,63,17572.0,7,9.380000114440918,1,0
712052,916,104467,45-49,F,10,1448.0,0,0.0,1,1
734209,936,108654,30-34,M,10,1772.0,0,0.0,1,1
734210,936,108654,30-34,M,10,13329.0,4,5.630000114440918,1,1
734215,936,108655,30-34,M,15,13659.0,3,3.8399999141693115,1,0
734243,936,108660,30-34,M,21,739.0,0,0.0,1,1
734266,936,108664,30-34,M,25,605.0,0,0.0,1,0
734272,936,108665,30-34,M,26,1030.0,0,0.0,1,0
734290,936,108668,30-34,M,29,5374.0,1,1.0399999618530273,4,0
734313,936,108672,30-34,M,36,790.0,0,0.0,1,1
734314,936,108672,30-34,M,36,962.0,0,0.0,1,0
734352,936,108678,35-39,M,10,4423.0,1,1.4600000381469727,1,1
734361,936,108680,35-39,M,16,12382.0,2,2.8399999141693115,1,1
734381,936,108683,35-39,M,20,2938.0,1,1.350000023841858,1,1
734399,936,108686,35-39,M,23,239.0,0,0.0,1,0
734418,936,108689,35-39,M,26,591.0,0,0.0,1,0
734421,936,108690,35-39,M,27,10332.0,4,5.75,1,0
734427,936,108691,35-39,M,28,8259.0,3,3.9800000190734863,1,0
734433,936,108692,35-39,M,29,12158.0,3,4.449999809265137,1,0
734582,936,108716,40-44,M,29,7709.0,2,1.3200000524520874,2,0
734605,936,108720,40-44,M,36,834.0,0,0.0,1,0
734660,936,108729,45-49,M,18,1299.0,0,0.0,2,0
734666,936,108730,45-49,M,19,371.0,0,0.0,1,0
734726,936,108740,45-49,M,29,10466.0,3,4.090000152587891,1,0
734737,936,108742,45-49,M,31,839.0,0,0.0,1,0
734785,936,108750,30-34,F,10,5576.0,1,1.5299999713897705,1,1
734794,936,108752,30-34,F,16,4010.0,0,0.0,1,0
734796,936,108752,30-34,F,16,39337.0,7,10.029999732971191,1,1
734800,936,108753,30-34,F,18,1635.0,0,0.0,1,0
734803,936,108753,30-34,F,18,1631.0,0,0.0,1,0
734852,936,108761,30-34,F,26,13479.0,3,4.25,1,0
734854,936,108762,30-34,F,27,57022.0,13,20.290000915527344,3,3
734856,936,108762,30-34,F,27,5453.0,1,1.3899999856948853,1,1
734866,936,108764,30-34,F,29,11803.0,3,4.440000057220459,1,0
734881,936,108766,30-34,F,31,4259.0,1,1.5700000524520874,1,1
734901,936,108770,30-34,F,64,1554.0,0,0.0,1,0
734903,936,108770,30-34,F,64,5323.0,1,1.2899999618530273,1,1
734925,936,108774,35-39,F,10,5024.0,1,1.409999966621399,1,1
734939,936,108776,35-39,F,16,104648.0,24,33.33000183105469,4,2
734968,936,108781,35-39,F,22,8504.0,3,3.3400001525878906,1,1
734999,936,108786,35-39,F,27,20277.0,6,8.050000190734863,1,0
735014,936,108788,35-39,F,29,12403.0,4,5.210000038146973,1,1
735032,936,108791,35-39,F,32,498.0,0,0.0,1,1
735033,936,108792,35-39,F,36,652.0,0,0.0,0,0
735043,936,108793,35-39,F,63,1357.0,0,0.0,1,1
735048,936,108794,35-39,F,64,1393.0,0,0.0,1,0
735065,936,108797,40-44,F,7,648.0,0,0.0,1,0
735109,936,108804,40-44,F,21,708.0,0,0.0,1,1
735140,936,108809,40-44,F,26,6907.0,2,2.3499999046325684,1,0
735143,936,108810,40-44,F,27,39035.0,13,19.329999923706055,1,0
735151,936,108811,40-44,F,28,926.0,0,0.0,1,0
735184,936,108817,40-44,F,63,4412.0,1,1.4500000476837158,1,0
735189,936,108818,40-44,F,64,9965.0,3,4.050000190734863,1,0
735213,936,108822,45-49,F,10,73634.0,23,32.97999954223633,1,0
735220,936,108823,45-49,F,15,69708.0,20,31.28999900817871,1,0
735242,936,108826,45-49,F,19,530.0,0,0.0,1,0
735247,936,108827,45-49,F,20,14257.0,6,8.789999961853027,1,0
735289,936,108834,45-49,F,27,20362.0,5,9.119999885559082,1,1
735290,936,108834,45-49,F,27,12215.0,4,6.260000228881836,1,0
735298,936,108836,45-49,F,29,85412.0,28,38.63999938964844,2,1
736869,936,109448,30-34,M,2,2338.0,1,0.23999999463558197,1,0
736890,936,109451,30-34,M,15,2522.0,0,0.0,1,0
736893,936,109452,30-34,M,16,3587.0,0,0.0,1,0
736977,936,109470,30-34,M,27,1273.0,0,0.0,1,0
736988,936,109472,30-34,M,28,3891.0,1,1.090000033378601,1,0
736995,936,109473,30-34,M,29,1888.0,0,0.0,1,0
736997,936,109473,30-34,M,29,1895.0,0,0.0,1,0
737097,936,109498,35-39,M,7,715.0,0,0.0,1,0
737130,936,109507,35-39,M,16,11199.0,2,2.680000066757202,1,0
737320,936,109553,35-39,M,63,5676.0,2,3.009999990463257,1,0
737375,936,109565,40-44,M,10,1415.0,0,0.0,1,0
737524,936,109601,40-44,M,30,2148.0,1,1.5800000429153442,1,1
737644,936,109629,45-49,M,16,45401.0,10,14.0600004196167,1,0
737657,936,109633,45-49,M,18,7478.0,2,2.9000000953674316,1,1
737658,936,109633,45-49,M,18,4919.0,1,1.590000033378601,1,0
737674,936,109637,45-49,M,20,533.0,0,0.0,1,1
737766,936,109659,45-49,M,29,1447.0,0,0.0,1,1
737896,936,109689,30-34,F,16,17553.0,3,4.590000152587891,1,0
737931,936,109698,30-34,F,20,3343.0,1,0.5400000214576721,1,0
737961,936,109706,30-34,F,23,523.0,0,0.0,1,0
737995,936,109714,30-34,F,26,1873.0,0,0.0,1,0
738006,936,109717,30-34,F,27,34740.0,7,13.40999984741211,1,1
738067,936,109731,30-34,F,32,658.0,0,0.0,1,0
738098,936,109738,30-34,F,64,1539.0,0,0.0,1,0
738307,936,109788,35-39,F,31,3010.0,1,0.8600000143051147,1,1
738389,936,109808,40-44,F,10,27081.0,9,10.770000457763672,1,1
738408,936,109813,40-44,F,16,20233.0,4,5.590000152587891,3,0
738413,936,109813,40-44,F,16,147159.0,36,58.15999984741211,3,1
738423,936,109816,40-44,F,18,21664.0,7,10.619999885559082,1,1
738436,936,109820,40-44,F,19,9112.0,4,5.460000038146973,1,1
738463,936,109826,40-44,F,21,542.0,0,0.0,1,0
738528,936,109839,40-44,F,30,402.0,0,0.0,1,1
738560,936,109844,40-44,F,64,1338.0,0,0.0,1,0
738582,936,109848,45-49,F,10,46150.0,15,20.18000030517578,1,1
738592,936,109850,45-49,F,16,493821.0,116,176.3800048828125,4,1
738593,936,109850,45-49,F,16,92011.0,27,34.38999938964844,2,1
738598,936,109851,45-49,F,18,12956.0,4,5.490000247955322,1,1
738606,936,109852,45-49,F,19,529.0,0,0.0,1,0
738637,936,109857,45-49,F,24,944.0,1,1.4199999570846558,1,0
738648,936,109859,45-49,F,26,111090.0,38,51.970001220703125,5,1
747212,936,110836,30-34,M,10,7208.0,2,3.190000057220459,1,0
747213,936,110836,30-34,M,10,1746.0,0,0.0,1,0
747220,936,110837,30-34,M,15,2474.0,0,0.0,2,2
747222,936,110838,30-34,M,16,12489.0,2,1.9600000381469727,1,0
747223,936,110838,30-34,M,16,8032.0,1,0.6000000238418579,2,0
747248,936,110842,30-34,M,21,472.0,0,0.0,1,1
747332,936,110856,30-34,M,64,792.0,0,0.0,1,1
747362,936,110861,35-39,M,15,4607.0,1,1.149999976158142,1,1
747369,936,110862,35-39,M,16,13355.0,2,3.180000066757202,1,1
747370,936,110862,35-39,M,16,2936.0,0,0.0,1,0
747401,936,110867,35-39,M,22,2793.0,1,0.9800000190734863,1,1
747435,936,110873,35-39,M,28,1032.0,0,0.0,1,0
747439,936,110874,35-39,M,29,1662.0,0,0.0,1,1
747489,936,110882,40-44,M,2,4016.0,2,1.4800000190734863,1,1
747514,936,110886,40-44,M,16,14843.0,3,2.93999981880188,1,1
747645,936,110908,45-49,M,10,9674.0,3,4.599999904632568,1,1
747659,936,110910,45-49,M,16,12186.0,2,2.669999837875366,1,0
747675,936,110913,45-49,M,20,673.0,0,0.0,1,0
747678,936,110914,45-49,M,21,370.0,0,0.0,1,1
747712,936,110919,45-49,M,26,450.0,0,0.0,1,1
747790,936,110932,30-34,F,10,2077.0,0,0.0,1,1
747791,936,110932,30-34,F,10,31393.0,8,10.960000038146973,1,1
747795,936,110933,30-34,F,15,8410.0,2,2.359999895095825,1,1
747798,936,110934,30-34,F,16,25884.0,5,7.349999904632568,1,0
747824,936,110938,30-34,F,21,608.0,0,0.0,1,1
747828,936,110939,30-34,F,22,28488.0,10,9.34000015258789,1,0
747852,936,110943,30-34,F,26,10126.0,3,4.619999885559082,1,0
747859,936,110944,30-34,F,27,22572.0,5,8.5,1,0
747863,936,110944,30-34,F,27,1955.0,0,0.0,1,1
747879,936,110947,30-34,F,30,493.0,0,0.0,1,0
747903,936,110951,30-34,F,63,1491.0,0,0.0,1,1
747911,936,110952,30-34,F,64,1495.0,0,0.0,1,1
747968,936,110962,35-39,F,21,512.0,0,0.0,0,0
747991,936,110966,35-39,F,25,4868.0,2,2.4200000762939453,1,0
748000,936,110967,35-39,F,26,6585.0,2,2.950000047683716,1,0
748007,936,110968,35-39,F,27,10164.0,2,3.7200000286102295,1,1
748014,936,110970,35-39,F,29,11182.0,4,4.449999809265137,1,0
748045,936,110975,35-39,F,63,1238.0,0,0.0,1,0
748086,936,110982,40-44,F,16,34127.0,8,13.069999694824219,1,0
748087,936,110982,40-44,F,16,29466.0,7,10.84999942779541,2,0
748089,936,110982,40-44,F,16,38759.0,9,10.84999942779541,1,0
748091,936,110982,40-44,F,16,41720.0,10,12.0600004196167,1,1
748225,936,111005,45-49,F,15,18602.0,5,8.860000610351562,1,0
748230,936,111006,45-49,F,16,83929.0,21,27.729999542236328,4,1
748231,936,111006,45-49,F,16,25194.0,6,7.349999904632568,1,0
748233,936,111006,45-49,F,16,78627.0,19,26.530000686645508,1,0
748235,936,111006,45-49,F,16,102695.0,25,39.43000030517578,3,0
748294,936,111016,45-49,F,27,82827.0,24,47.93000030517578,3,0
748295,936,111016,45-49,F,27,9240.0,3,6.039999961853027,1,0
748303,936,111018,45-49,F,29,7706.0,2,2.369999885559082,1,0
748314,936,111020,45-49,F,31,7821.0,4,6.340000152587891,1,1
748341,936,111024,45-49,F,64,1363.0,0,0.0,1,1
776318,936,115484,45-49,F,15,3569.0,0,0.0,1,1
776322,936,115485,45-49,F,16,119063.0,34,53.220001220703125,1,0
776323,936,115485,45-49,F,16,99078.0,23,35.79999923706055,2,0
776325,936,115485,45-49,F,16,452398.0,114,180.22000122070312,1,0
776334,936,115487,45-49,F,10,191223.0,48,76.41000366210938,1,0
776336,936,115487,45-49,F,10,22216.0,6,9.550000190734863,1,0
776338,936,115487,45-49,F,10,48291.0,11,18.020000457763672,1,0
776353,936,115490,40-44,F,63,27559.0,8,13.369999885559082,1,0
776373,936,115493,45-49,F,25,10194.0,4,4.590000152587891,2,1
776383,936,115495,45-49,F,23,1168.0,0,0.0,1,1
776405,936,115498,45-49,F,21,40126.0,16,25.860000610351562,1,0
776416,936,115500,45-49,F,19,3659.0,1,0.49000000953674316,1,1
776430,936,115503,30-34,M,10,3200.0,0,0.0,1,0
776464,936,115508,45-49,F,29,7550.0,1,1.6799999475479126,1,1
776469,936,115509,45-49,F,28,45397.0,15,25.420000076293945,1,1
776473,936,115510,30-34,M,16,23086.0,2,3.31000018119812,1,1
776475,936,115510,30-34,M,16,16425.0,1,1.5499999523162842,1,0
776476,936,115510,30-34,M,16,43756.0,5,5.440000057220459,0,0
776477,936,115510,30-34,M,16,9982.0,0,0.0,1,0
776489,936,115512,45-49,F,26,175389.0,55,81.61000061035156,1,0
776494,936,115513,30-34,M,15,7015.0,0,0.0,1,0
776515,936,115517,45-49,F,65,12706.0,3,4.989999771118164,1,1
776519,936,115517,45-49,F,65,70702.0,20,31.709999084472656,1,0
776533,936,115520,45-49,F,63,63927.0,16,25.520000457763672,2,0
776534,936,115520,45-49,F,63,15105.0,3,4.259999752044678,1,0
776538,936,115521,30-34,F,15,8774.0,1,1.8300000429153442,1,0
776551,936,115523,30-34,F,16,14459.0,1,1.3899999856948853,1,0
776552,936,115523,30-34,F,16,21596.0,2,2.809999942779541,1,0
776553,936,115523,30-34,F,16,66765.0,8,11.049999237060547,1,0
776563,936,115525,30-34,F,7,1369.0,0,0.0,1,1
776579,936,115527,30-34,F,10,26910.0,5,7.230000019073486,1,0
776603,936,115531,30-34,F,2,506.0,0,0.0,1,0
776615,936,115533,45-49,M,63,11988.0,3,4.269999980926514,1,0
776623,936,115535,45-49,M,64,19353.0,6,9.479999542236328,1,1
776631,936,115536,40-44,M,29,10960.0,2,2.890000104904175,1,0
776643,936,115538,30-34,M,15,33491.0,6,10.569999694824219,2,1
776644,936,115538,30-34,M,15,20083.0,2,3.200000047683716,2,1
776659,936,115541,30-34,M,16,8817.0,0,0.0,1,1
776661,936,115541,30-34,M,16,15466.0,1,0.9700000286102295,1,0
776662,936,115541,30-34,M,16,27072.0,3,4.369999885559082,1,0
776663,936,115541,30-34,M,16,15753.0,1,0.5699999928474426,1,1
776668,936,115542,40-44,M,19,3523.0,1,1.809999942779541,1,1
776685,936,115545,40-44,M,16,7745.0,0,0.0,1,0
776686,936,115545,40-44,M,16,18709.0,2,3.319999933242798,1,0
776687,936,115545,40-44,M,16,8022.0,0,0.0,2,1
776696,936,115547,30-34,M,10,7966.0,1,1.1799999475479126,1,1
776697,936,115547,30-34,M,10,4132.0,0,0.0,1,1
776698,936,115547,30-34,M,10,12785.0,3,4.730000019073486,2,1
776699,936,115547,30-34,M,10,8213.0,1,1.3799999952316284,1,1
776722,936,115551,30-34,M,2,545.0,0,0.0,1,1
776725,936,115552,40-44,M,23,2479.0,1,1.2599999904632568,1,0
776780,936,115561,40-44,M,2,3812.0,2,3.049999952316284,1,0
776793,936,115563,45-49,M,21,1609.0,0,0.0,1,0
776799,936,115564,45-49,M,20,10257.0,3,3.5799999237060547,1,1
776817,936,115567,40-44,M,10,12356.0,4,6.279999732971191,1,0
776825,936,115568,45-49,M,18,7410.0,1,1.2100000381469727,1,0
776829,936,115569,45-49,M,16,140098.0,28,46.630001068115234,1,0
776831,936,115569,45-49,M,16,107021.0,20,34.439998626708984,1,0
776840,936,115571,35-39,M,36,2797.0,1,1.2899999618530273,1,0
776861,936,115574,45-49,M,7,16461.0,6,9.219999313354492,1,0
776892,936,115580,40-44,M,63,17488.0,5,7.71999979019165,1,0
776928,936,115586,35-39,M,10,9750.0,2,1.5,1,1
776935,936,115587,45-49,M,36,1136.0,0,0.0,1,1
777105,936,115615,45-49,M,63,4333.0,1,0.18000000715255737,1,1
777130,936,115619,35-39,M,16,6260.0,0,0.0,1,0
777131,936,115619,35-39,M,16,6359.0,0,0.0,1,0
777166,936,115625,30-34,M,63,2383.0,0,0.0,1,1
777187,936,115629,40-44,M,27,11292.0,3,5.389999866485596,1,1
777198,936,115631,30-34,M,64,12729.0,4,5.779999732971191,1,0
777200,936,115631,30-34,M,64,1898.0,0,0.0,1,1
777201,936,115631,30-34,M,64,1882.0,0,0.0,1,1
777235,936,115637,30-34,M,65,2883.0,1,0.9900000095367432,1,1
777248,936,115639,30-34,F,7,3989.0,1,1.2799999713897705,1,0
777261,936,115641,40-44,M,29,19603.0,4,5.279999732971191,1,1
777382,936,115675,40-44,M,24,3047.0,1,1.3799999952316284,1,0
777398,936,115677,35-39,M,24,3029.0,1,1.0499999523162842,1,1
777410,936,115679,45-49,M,26,3490.0,1,1.340000033378601,1,1
777482,936,115691,45-49,M,28,2479.0,0,0.0,1,0
777495,936,115693,40-44,M,19,19581.0,7,10.430000305175781,2,0
777519,936,115697,45-49,M,29,19537.0,5,6.099999904632568,1,0
777625,936,115715,45-49,M,16,59433.0,12,19.65999984741211,3,0
777627,936,115715,45-49,M,16,157534.0,33,56.19000244140625,2,0
777638,936,115717,40-44,M,7,1781.0,0,0.0,1,1
777670,936,115723,40-44,M,16,23769.0,4,6.029999732971191,1,0
777673,936,115723,40-44,M,16,7101.0,0,0.0,1,0
777742,936,115735,35-39,M,64,4726.0,1,1.8300000429153442,1,1
777758,936,115737,30-34,M,19,5209.0,1,0.9599999785423279,2,0
777794,936,115743,30-34,M,18,13473.0,3,2.619999885559082,3,0
777816,936,115747,40-44,M,2,500.0,0,0.0,1,1
777871,936,115756,30-34,M,20,4616.0,1,1.3600000143051147,1,0
777904,936,115762,30-34,M,31,3279.0,0,0.0,1,0
777905,936,115762,30-34,M,31,3288.0,0,0.0,1,0
778037,936,115784,35-39,M,27,14615.0,4,6.050000190734863,1,0
778048,936,115786,30-34,M,27,56615.0,12,19.880001068115234,2,0
778085,936,115792,30-34,M,26,11735.0,3,4.529999732971191,1,1
778087,936,115792,30-34,M,26,15910.0,5,6.779999732971191,1,0
778112,936,115796,35-39,M,29,11446.0,2,3.0899999141693115,1,1
778113,936,115796,35-39,M,29,4595.0,0,0.0,1,0
778124,936,115798,30-34,M,29,4871.0,0,0.0,1,0
778148,936,115802,35-39,M,28,3199.0,0,0.0,1,0
778156,936,115804,30-34,M,28,9388.0,2,3.140000104904175,1,0
778161,936,115804,30-34,M,28,17954.0,6,7.539999961853027,2,1
778208,936,115812,40-44,F,29,2755.0,0,0.0,1,0
778264,936,115822,40-44,F,27,8152.0,1,0.9900000095367432,1,0
778266,936,115822,40-44,F,27,74542.0,19,34.150001525878906,1,0
778421,936,115848,40-44,F,20,6699.0,2,3.0899999141693115,1,0
778422,936,115848,40-44,F,20,11911.0,4,3.9600000381469727,1,0
778461,936,115854,40-44,M,29,10090.0,2,2.6500000953674316,1,1
778471,936,115856,30-34,M,32,1273.0,0,0.0,1,1
778483,936,115858,40-44,F,18,24188.0,5,8.179999351501465,1,0
778529,936,115866,30-34,M,31,2214.0,0,0.0,1,0
778556,936,115870,40-44,M,32,9735.0,4,4.130000114440918,1,1
778590,936,115876,30-34,M,30,1371.0,0,0.0,1,1
778600,936,115878,40-44,F,22,10750.0,4,5.389999866485596,1,0
778626,936,115882,30-34,M,29,7629.0,1,0.7200000286102295,1,1
778628,936,115882,30-34,M,29,4608.0,0,0.0,1,0
778674,936,115890,35-39,M,29,3732.0,0,0.0,1,0
778689,936,115892,30-34,M,28,7453.0,1,1.6799999475479126,1,1
778722,936,115898,35-39,F,64,41785.0,14,19.100000381469727,1,0
778737,936,115900,35-39,M,27,8077.0,2,3.5799999237060547,1,1
778756,936,115904,35-39,F,63,5602.0,1,1.5800000429153442,1,0
778804,936,115912,30-34,M,26,6184.0,2,2.75,1,1
778808,936,115912,30-34,M,26,1738.0,0,0.0,1,0
778964,936,115938,35-39,F,27,112460.0,25,41.290000915527344,1,0
779057,936,115954,40-44,M,15,4414.0,0,0.0,1,0
779106,936,115962,35-39,F,30,14670.0,7,9.40999984741211,1,0
779438,936,116031,30-34,F,64,33144.0,9,13.40999984741211,1,0
779453,936,116033,45-49,M,64,4397.0,1,0.949999988079071,1,0
779488,936,116039,45-49,M,65,1006.0,0,0.0,1,0
779573,936,116053,35-39,F,10,89527.0,24,32.290000915527344,1,0
779608,936,116059,35-39,F,15,2459.0,0,0.0,1,0
779609,936,116059,35-39,F,15,7116.0,2,1.7300000190734863,1,1
779622,936,116061,30-34,F,15,8613.0,1,0.8899999856948853,2,0
779631,936,116063,35-39,F,16,9730.0,1,1.3799999952316284,1,0
779644,936,116065,30-34,F,16,51816.0,8,10.229999542236328,2,1
779645,936,116065,30-34,F,16,27289.0,3,4.429999828338623,1,0
779715,936,116077,30-34,F,29,20409.0,4,3.8299999237060547,1,0
779716,936,116077,30-34,F,29,8044.0,1,1.1100000143051147,1,0
779738,936,116081,30-34,F,28,15645.0,4,5.349999904632568,1,0
779778,936,116087,30-34,F,31,2466.0,0,0.0,2,2
779789,936,116089,45-49,M,10,11611.0,3,3.950000047683716,1,1
779824,936,116095,45-49,M,7,9375.0,3,4.019999980926514,1,0
779871,936,116103,30-34,F,32,4402.0,1,1.3300000429153442,1,1
779918,936,116111,30-34,F,18,8469.0,2,3.0899999141693115,1,0
779922,936,116111,30-34,F,18,5823.0,1,1.4199999570846558,1,1
779944,936,116115,35-39,M,10,2549.0,0,0.0,1,0
779979,936,116121,35-39,M,16,25817.0,4,6.019999980926514,1,0
779995,936,116123,30-34,F,20,1961.0,0,0.0,1,0
780064,936,116135,30-34,F,22,2554.0,0,0.0,1,0
780104,936,116147,30-34,F,25,4971.0,1,1.2300000190734863,1,1
780199,936,116163,35-39,F,23,1030.0,0,0.0,1,1
780318,936,116183,45-49,F,29,162341.0,56,77.08000183105469,3,0
780323,936,116183,45-49,F,29,24542.0,7,9.329999923706055,1,0
780486,936,116216,30-34,F,65,2879.0,0,0.0,1,1
780498,936,116218,30-34,F,64,13621.0,3,4.090000152587891,1,0
780511,936,116220,30-34,F,63,6175.0,1,1.3700000047683716,2,1
780629,936,116240,30-34,F,28,2963.0,0,0.0,1,0
780653,936,116244,30-34,F,29,9076.0,1,1.3799999952316284,1,1
780655,936,116244,30-34,F,29,20941.0,4,5.909999847412109,1,1
780666,936,116246,45-49,F,10,3462.0,0,0.0,1,0
780681,936,116248,30-34,F,26,4073.0,0,0.0,1,1
780700,936,116252,30-34,F,27,3745.0,0,0.0,1,0
780748,936,116265,30-34,F,24,830.0,0,0.0,1,0
780759,936,116267,45-49,F,18,2912.0,0,0.0,1,0
780760,936,116267,45-49,F,18,17167.0,5,6.910000324249268,1,0
780797,936,116273,30-34,F,22,24491.0,7,9.539999961853027,1,0
780799,936,116273,30-34,F,22,44699.0,13,17.30000114440918,2,0
780821,936,116277,30-34,F,23,6469.0,2,1.309999942779541,1,0
780830,936,116279,45-49,F,16,16053.0,3,4.079999923706055,1,1
780835,936,116279,45-49,F,16,54724.0,12,17.93000030517578,1,1
780867,936,116285,30-34,F,21,4706.0,1,1.2200000286102295,1,0
780974,936,116303,40-44,F,32,8316.0,3,4.569999694824219,1,1
781066,936,116323,40-44,F,22,5794.0,2,2.2699999809265137,1,0
781114,936,116331,40-44,F,18,4813.0,1,1.0299999713897705,1,0
781159,936,116339,40-44,F,10,85285.0,26,36.130001068115234,1,0
781162,936,116339,40-44,F,10,5839.0,1,1.3700000047683716,1,0
781175,936,116341,40-44,F,15,5859.0,1,1.5399999618530273,1,0
781187,936,116343,40-44,F,16,164118.0,41,59.06999969482422,1,0
781195,936,116345,35-39,F,63,18234.0,6,7.809999942779541,1,0
781207,936,116347,35-39,F,64,2755.0,0,0.0,1,0
781303,936,116363,35-39,F,27,73676.0,20,28.5,1,0
781305,936,116363,35-39,F,27,18421.0,7,10.079999923706055,1,0
781327,936,116367,35-39,F,29,164754.0,49,67.9800033569336,2,1
781353,936,116371,35-39,F,10,7449.0,1,1.6399999856948853,1,1
781354,936,116371,35-39,F,10,6424.0,1,0.5299999713897705,1,0
781438,936,116385,30-34,M,63,2086.0,0,0.0,1,0
781470,936,116391,35-39,M,16,6016.0,0,0.0,1,0
781499,936,116395,35-39,M,15,6412.0,1,1.3700000047683716,1,0
781508,936,116397,30-34,F,63,5040.0,1,1.440000057220459,1,0
781556,936,116405,30-34,F,32,1772.0,0,0.0,1,0
781559,936,116405,30-34,F,32,1783.0,0,0.0,1,0
781606,936,116413,35-39,M,20,8200.0,3,3.919999837875366,1,0
781690,936,116427,45-49,F,26,115896.0,38,49.439998626708984,1,0
781811,936,116447,35-39,F,16,10186.0,1,1.2300000190734863,1,1
781857,936,116455,30-34,M,20,9134.0,3,4.180000305175781,2,0
781858,936,116455,30-34,M,20,3385.0,1,1.440000057220459,1,1
781907,936,116463,45-49,F,21,1314.0,0,0.0,1,0
781928,936,116467,30-34,M,18,2916.0,0,0.0,1,1
781929,936,116467,30-34,M,18,6142.0,1,1.3300000429153442,1,0
781950,936,116471,30-34,F,20,1984.0,0,0.0,1,0
781999,936,116479,30-34,M,24,9142.0,3,3.75,1,0
782001,936,116479,30-34,M,24,5475.0,2,2.7300000190734863,1,1
782022,936,116483,30-34,F,18,8254.0,2,2.319999933242798,1,1
782026,936,116483,30-34,F,18,5704.0,1,1.3200000524520874,1,0
782130,936,116501,30-34,F,16,7301.0,0,0.0,1,0
782134,936,116501,30-34,F,16,37873.0,5,6.170000076293945,1,1
782135,936,116501,30-34,F,16,25267.0,4,4.940000057220459,2,1
782171,936,116507,30-34,F,30,535.0,0,0.0,1,0
782180,936,116509,30-34,M,29,3396.0,0,0.0,1,0
782219,936,116515,30-34,M,26,977.0,0,0.0,1,0
782228,936,116517,40-44,F,63,12318.0,5,6.340000152587891,1,1
782242,936,116519,30-34,F,28,4783.0,1,0.8600000143051147,1,0
782275,936,116525,30-34,F,29,6475.0,1,1.350000023841858,1,0
782337,936,116535,45-49,F,16,104578.0,29,39.25,1,1
782407,936,116547,45-49,F,10,33664.0,11,12.510000228881836,1,0
782443,936,116553,40-44,F,20,979.0,0,0.0,1,0
782541,936,116569,40-44,F,28,7337.0,3,4.079999923706055,1,0
782587,936,116577,30-34,M,10,2499.0,0,0.0,1,0
782647,936,116587,40-44,F,27,11244.0,3,4.550000190734863,1,0
782658,936,116589,30-34,M,15,4827.0,0,0.0,1,0
782694,936,116595,35-39,F,29,29035.0,7,8.90999984741211,2,2
782706,936,116597,35-39,F,30,761.0,0,0.0,1,0
782754,936,116605,35-39,F,26,6532.0,1,1.6100000143051147,1,0
782815,936,116615,40-44,F,10,11537.0,3,4.300000190734863,1,0
782816,936,116615,40-44,F,10,12183.0,3,2.869999885559082,1,0
782862,936,116623,35-39,F,64,5912.0,1,1.559999942779541,1,1
950068,936,123438,30-34,M,10,4012.0,1,1.5700000524520874,1,0
950078,936,123440,30-34,M,16,12396.0,2,3.2100000381469727,2,1
950079,936,123440,30-34,M,16,3142.0,0,0.0,2,2
950099,936,123443,30-34,M,18,1120.0,0,0.0,1,0
950109,936,123445,30-34,M,20,343.0,0,0.0,1,1
950170,936,123455,30-34,M,15,1720.0,0,0.0,1,1
950179,936,123457,30-34,M,16,3423.0,0,0.0,1,1
950182,936,123457,30-34,M,16,3242.0,0,0.0,1,0
950183,936,123457,30-34,M,16,15720.0,1,1.3799999952316284,1,0
950200,936,123460,30-34,M,10,1217.0,0,0.0,1,1
950224,936,123464,40-44,M,20,2367.0,2,2.8399999141693115,1,1
950326,936,123481,35-39,M,16,6607.0,1,1.3200000524520874,2,0
950345,936,123484,30-34,M,64,616.0,0,0.0,1,0
950452,936,123502,45-49,M,16,5537.0,1,1.5199999809265137,1,0
950463,936,123504,45-49,M,15,818.0,0,0.0,1,0
950495,936,123509,45-49,M,21,1909.0,1,0.9800000190734863,1,0
950521,936,123514,30-34,M,21,351.0,0,0.0,1,0
950531,936,123515,45-49,M,22,572.0,0,0.0,1,0
950537,936,123516,40-44,M,36,1884.0,1,1.409999966621399,1,0
950550,936,123519,30-34,M,30,219.0,0,0.0,1,0
950577,936,123523,30-34,M,32,540.0,0,0.0,1,1
950578,936,123523,30-34,M,32,550.0,0,0.0,1,0
950595,936,123526,30-34,M,26,465.0,0,0.0,1,0
950609,936,123528,30-34,M,29,1761.0,0,0.0,1,1
950629,936,123532,30-34,M,65,152.0,0,0.0,1,1
950631,936,123532,30-34,M,65,152.0,0,0.0,1,1
950649,936,123535,30-34,M,64,429.0,0,0.0,1,0
950745,936,123551,30-34,M,29,1514.0,0,0.0,2,2
950770,936,123555,30-34,M,28,7780.0,3,4.329999923706055,2,2
950772,936,123556,35-39,M,28,460.0,0,0.0,1,0
950773,936,123556,35-39,M,28,471.0,0,0.0,1,0
950776,936,123556,35-39,M,28,2633.0,1,1.0700000524520874,1,0
950787,936,123558,30-34,M,27,199.0,0,0.0,1,0
950808,936,123562,35-39,M,32,398.0,0,0.0,1,0
950839,936,123567,30-34,M,24,246.0,0,0.0,2,2
950878,936,123573,40-44,M,10,2967.0,1,1.5,1,1
950969,936,123588,45-49,M,36,255.0,0,0.0,1,0
951021,936,123597,30-34,F,7,457.0,0,0.0,1,1
951033,936,123599,30-34,F,10,5517.0,1,1.2300000190734863,1,0
951035,936,123599,30-34,F,10,1539.0,0,0.0,1,1
951043,936,123601,30-34,F,16,3189.0,0,0.0,1,0
951045,936,123601,30-34,F,16,3348.0,0,0.0,1,0
951046,936,123601,30-34,F,16,20050.0,4,4.659999847412109,4,1
951102,936,123611,45-49,M,16,2254.0,0,0.0,1,0
951105,936,123611,45-49,M,16,5894.0,1,1.5399999618530273,1,1
951133,936,123616,35-39,M,16,9948.0,2,2.7200000286102295,2,0
951202,936,123627,45-49,F,26,5307.0,3,4.289999961853027,2,1
951225,936,123631,35-39,F,22,4621.0,2,3.25,1,1
951270,936,123639,35-39,F,18,784.0,0,0.0,1,1
951282,936,123641,35-39,F,16,5775.0,1,1.5800000429153442,1,1
951285,936,123641,35-39,F,16,9297.0,2,2.619999885559082,2,1
951294,936,123643,35-39,F,15,699.0,0,0.0,1,0
951305,936,123644,35-39,F,10,1104.0,0,0.0,1,0
951334,936,123649,30-34,F,64,3717.0,1,1.5399999618530273,1,0
951391,936,123659,30-34,F,28,2879.0,1,1.590000033378601,2,2
951392,936,123659,30-34,F,28,2749.0,1,1.3899999856948853,1,0
951400,936,123660,45-49,F,10,24028.0,9,12.390000343322754,2,0
951402,936,123661,30-34,F,29,1118.0,0,0.0,1,1
951413,936,123662,30-34,F,26,1083.0,0,0.0,2,1
951420,936,123664,30-34,F,27,843.0,0,0.0,1,0
951444,936,123668,30-34,F,25,2983.0,1,0.9700000286102295,1,0
951448,936,123668,30-34,F,25,696.0,0,0.0,1,0
951462,936,123671,45-49,F,16,7589.0,2,3.1500000953674316,1,1
951464,936,123671,45-49,F,16,20997.0,10,11.949999809265137,1,0
951465,936,123671,45-49,F,16,4617.0,1,1.3600000143051147,1,0
951498,936,123677,45-49,F,20,259.0,0,0.0,1,0
951508,936,123678,30-34,F,18,1134.0,0,0.0,1,0
951542,936,123684,40-44,F,27,357.0,0,0.0,1,0
951607,936,123695,40-44,F,10,848.0,0,0.0,1,1
951608,936,123695,40-44,F,10,3149.0,1,1.4800000190734863,1,0
951641,936,123700,40-44,F,2,87.0,0,0.0,1,1
951677,936,123706,35-39,F,27,2563.0,1,1.4800000190734863,1,0
951692,936,123709,35-39,F,10,1107.0,0,0.0,1,0
951715,936,123713,45-49,F,64,10677.0,5,7.269999980926514,1,0
951756,936,123720,35-39,F,22,2189.0,1,0.4099999964237213,1,0
951779,936,123723,45-49,F,27,3277.0,2,2.680000066757202,1,0
951782,936,123724,45-49,F,26,781.0,0,0.0,1,0
951810,936,123729,35-39,F,16,2226.0,0,0.0,1,0
951812,936,123729,35-39,F,16,16274.0,4,6.079999923706055,2,0
951837,936,123733,45-49,F,20,2077.0,1,1.5099999904632568,1,1
951853,936,123736,30-34,F,20,529.0,0,0.0,0,0
951854,936,123736,30-34,F,20,487.0,0,0.0,1,0
951856,936,123736,30-34,F,20,4626.0,2,2.0999999046325684,2,0
951941,936,123750,30-34,F,28,2764.0,1,1.559999942779541,1,1
952001,936,123760,45-49,F,10,5447.0,2,2.9600000381469727,1,0
952031,936,123765,40-44,F,16,28169.0,8,12.369999885559082,1,1
952080,936,123774,40-44,F,27,415.0,0,0.0,1,0
952100,936,123777,35-39,F,29,810.0,0,0.0,1,1
1121091,1178,144531,30-34,M,10,867565.5,141,235.65999841690063,9,4
1121092,1178,144531,30-34,M,10,637648.0,67,122.4000015258789,9,4
1121094,1178,144531,30-34,M,10,24362.0,0,0.0,1,1
1121095,1178,144531,30-34,M,10,459690.0,50,86.33000183105469,5,2
1121096,1178,144531,30-34,M,10,750060.0,86,161.91000366210938,9,2
1121097,1178,144532,30-34,M,15,30068.0,1,1.8200000524520874,1,0
1121098,1178,144532,30-34,M,15,867565.5,123,235.65999841690063,9,4
1121100,1178,144532,30-34,M,15,867565.5,147,235.65999841690063,9,4
1121101,1178,144532,30-34,M,15,29945.0,1,1.590000033378601,2,1
1121102,1178,144532,30-34,M,15,357856.0,30,52.970001220703125,7,3
1121104,1178,144533,30-34,M,16,867565.5,147,235.65999841690063,9,4
1121105,1178,144533,30-34,M,16,145999.0,9,16.520000457763672,5,2
1121107,1178,144533,30-34,M,16,32616.0,1,1.5399999618530273,2,0
1121108,1178,144533,30-34,M,16,867565.5,95,163.89999389648438,9,4
1121110,1178,144534,30-34,M,18,867565.5,123,210.36000061035156,6,2
1121111,1178,144534,30-34,M,18,182452.0,20,35.72999954223633,4,1
1121113,1178,144534,30-34,M,18,867565.5,120,215.83999633789062,7,4
1121114,1178,144534,30-34,M,18,31349.0,2,3.8000001907348633,1,0
1121115,1178,144535,30-34,M,19,410310.0,55,96.80000305175781,3,0
1121116,1178,144535,30-34,M,19,572450.0,89,157.3300018310547,7,4
1121117,1178,144535,30-34,M,19,98759.0,15,26.56999969482422,1,1
1121119,1178,144535,30-34,M,19,345371.0,54,93.08999633789062,7,3
1121121,1178,144536,30-34,M,20,323899.0,46,78.91999816894531,5,1
1121122,1178,144536,30-34,M,20,399199.0,58,103.1500015258789,3,0
1121123,1178,144536,30-34,M,20,171202.0,22,36.529998779296875,3,1
1121124,1178,144536,30-34,M,20,128386.0,15,28.850000381469727,2,1
1121125,1178,144536,30-34,M,20,867565.5,147,235.65999841690063,9,4
1121126,1178,144536,30-34,M,20,45923.0,5,7.220000267028809,2,0
1121127,1178,144537,30-34,M,21,40873.0,4,7.900000095367432,2,1
1121128,1178,144537,30-34,M,21,286553.0,34,62.060001373291016,2,1
1121129,1178,144537,30-34,M,21,20618.0,1,2.0999999046325684,2,1
1121131,1178,144537,30-34,M,21,83591.0,7,14.140000343322754,2,2
1121132,1178,144537,30-34,M,21,114923.0,12,23.729999542236328,4,2
1121133,1178,144538,30-34,M,22,25002.0,1,1.7100000381469727,1,0
1121134,1178,144538,30-34,M,22,68905.0,5,9.4399995803833,1,0
1121136,1178,144538,30-34,M,22,169588.0,16,27.799999237060547,1,0
1121138,1178,144538,30-34,M,22,328991.0,35,67.6500015258789,5,2
1121141,1178,144539,30-34,M,23,23198.0,2,2.9800000190734863,1,0
1121142,1178,144539,30-34,M,23,26890.0,2,3.240000009536743,1,0
1121143,1178,144539,30-34,M,23,221695.0,31,52.2599983215332,5,2
1121152,1178,144541,30-34,M,24,88443.0,7,13.039999961853027,1,1
1121153,1178,144541,30-34,M,24,187856.0,23,38.38999938964844,5,1
1121164,1178,144545,30-34,M,25,570699.0,80,138.77000427246094,9,2
1121167,1178,144545,30-34,M,25,867565.5,145,235.65999841690063,9,4
1121168,1178,144545,30-34,M,25,50523.0,6,8.550000190734863,1,0
1121172,1178,144547,30-34,M,26,87935.0,9,15.630000114440918,1,0
1121173,1178,144547,30-34,M,26,278225.0,33,60.20000076293945,3,0
1121175,1178,144547,30-34,M,26,209461.0,20,34.189998626708984,1,0
1121177,1178,144547,30-34,M,26,26316.0,2,3.240000009536743,3,0
1121181,1178,144549,30-34,M,27,41030.0,3,5.140000343322754,2,1
1121182,1178,144549,30-34,M,27,867565.5,120,216.55999755859375,9,4
1121183,1178,144549,30-34,M,27,399392.0,53,93.06999969482422,5,0
1121184,1178,144549,30-34,M,27,283858.0,30,56.05999755859375,1,0
1121185,1178,144549,30-34,M,27,260699.0,31,54.099998474121094,5,2
1121193,1178,144552,30-34,M,28,57781.0,5,7.800000190734863,2,1
1121195,1178,144552,30-34,M,28,38757.0,3,5.220000267028809,1,0
1121196,1178,144552,30-34,M,28,867565.5,147,235.65999841690063,9,4
1121197,1178,144552,30-34,M,28,867565.5,147,235.65999841690063,9,2
1121202,1178,144554,30-34,M,29,581281.0,65,115.12000274658203,9,4
1121203,1178,144554,30-34,M,29,867565.5,128,219.77000427246094,9,4
1121205,1178,144554,30-34,M,29,297452.0,30,52.02000045776367,4,1
1121206,1178,144554,30-34,M,29,227925.0,22,35.310001373291016,9,4
1121207,1178,144554,30-34,M,29,374175.0,38,63.31999969482422,8,3
1121211,1178,144556,30-34,M,30,223586.0,32,54.2400016784668,1,0
1121213,1178,144556,30-34,M,30,283170.0,39,65.2300033569336,2,1
1121215,1178,144556,30-34,M,30,41636.0,3,4.210000038146973,1,0
1121216,1178,144556,30-34,M,30,198658.0,30,48.61000061035156,8,1
1121220,1178,144558,30-34,M,31,100596.0,10,13.920000076293945,4,2
1121223,1178,144558,30-34,M,31,64020.0,5,11.059999465942383,1,0
1121224,1178,144558,30-34,M,31,14289.0,0,0.0,1,0
1121229,1178,144561,30-34,M,32,404866.0,43,87.41999816894531,4,0
1121231,1178,144561,30-34,M,32,22256.0,1,1.659999966621399,1,1
1121233,1178,144561,30-34,M,32,57690.0,4,6.740000247955322,1,0
1121241,1178,144562,30-34,M,36,24952.0,5,8.220000267028809,3,2
1121242,1178,144562,30-34,M,36,38900.0,3,5.579999923706055,1,0
1121243,1178,144562,30-34,M,36,53520.0,6,9.229999542236328,1,1
1121244,1178,144562,30-34,M,36,181683.0,20,34.22999954223633,2,1
1121245,1178,144562,30-34,M,36,29185.0,2,3.1499998569488525,1,0
1121246,1178,144562,30-34,M,36,105047.0,13,20.209999084472656,3,1
1121250,1178,144565,30-34,M,63,287976.0,31,59.439998626708984,3,2
1121251,1178,144565,30-34,M,63,212175.0,22,38.59000015258789,2,1
1121252,1178,144565,30-34,M,63,11139.0,0,0.0,1,1
1121254,1178,144565,30-34,M,63,124005.0,11,21.850000381469727,4,1
1121255,1178,144565,30-34,M,63,20423.0,1,1.9600000381469727,1,0
1121261,1178,144567,30-34,M,64,103001.0,14,22.31999969482422,1,0
1121262,1178,144567,30-34,M,64,447420.0,66,110.23999786376953,7,2
1121263,1178,144567,30-34,M,64,156101.0,19,29.75,2,2
1121264,1178,144567,30-34,M,64,93015.0,12,18.469999313354492,1,0
1121265,1178,144568,30-34,M,65,145398.0,23,36.2400016784668,1,0
1121269,1178,144568,30-34,M,65,296413.0,50,76.44000244140625,3,1
1121273,1178,144569,30-34,M,2,9370.0,0,0.0,1,1
1121274,1178,144569,30-34,M,2,63785.0,7,11.800000190734863,6,2
1121275,1178,144569,30-34,M,2,118522.0,14,26.81999969482422,2,1
1121276,1178,144569,30-34,M,2,240123.0,38,65.66999816894531,5,4
1121277,1178,144570,30-34,M,7,169108.0,20,32.2400016784668,2,1
1121278,1178,144570,30-34,M,7,867565.5,142,235.65999841690063,9,4
1121279,1178,144570,30-34,M,7,93891.0,11,17.639999389648438,5,3
1121282,1178,144570,30-34,M,7,185823.0,25,38.54999923706055,4,1
1121284,1178,144571,30-34,M,66,175631.0,23,40.7599983215332,1,0
1121285,1178,144571,30-34,M,66,37187.0,4,6.369999885559082,1,0
1121286,1178,144571,30-34,M,66,10991.0,0,0.0,1,0
1121287,1178,144571,30-34,M,66,344618.0,51,89.76000213623047,3,1
1121289,1178,144572,35-39,M,10,98066.0,9,16.149999618530273,1,0
1121290,1178,144572,35-39,M,10,770749.0,100,189.1300048828125,9,3
1121291,1178,144572,35-39,M,10,52553.0,5,8.529999732971191,1,0
1121292,1178,144572,35-39,M,10,362296.0,39,67.77000427246094,7,3
1121293,1178,144572,35-39,M,10,427729.0,50,96.9000015258789,4,1
1121296,1178,144573,35-39,M,15,180351.0,21,37.130001068115234,1,1
1121297,1178,144573,35-39,M,15,187329.0,29,53.15999984741211,2,1
1121300,1178,144573,35-39,M,15,782894.0,118,192.92999267578125,5,2
1121302,1178,144574,35-39,M,16,867565.5,128,235.65999841690063,9,4
1121303,1178,144574,35-39,M,16,84494.0,7,12.569999694824219,2,0
1121304,1178,144574,35-39,M,16,94257.0,7,12.579999923706055,1,1
1121309,1178,144575,35-39,M,18,131060.0,16,28.049999237060547,2,1
1121310,1178,144575,35-39,M,18,341603.0,50,83.4800033569336,4,2
1121311,1178,144575,35-39,M,18,140749.0,19,30.479999542236328,1,1
1121312,1178,144575,35-39,M,18,102525.0,13,20.299999237060547,2,1
1121316,1178,144576,35-39,M,19,447952.0,68,131.5800018310547,8,1
1121317,1178,144576,35-39,M,19,76355.0,9,14.630000114440918,2,0
1121319,1178,144577,35-39,M,20,256598.0,38,64.47000122070312,6,1
1121321,1178,144577,35-39,M,20,127476.0,21,30.149999618530273,3,2
1121322,1178,144577,35-39,M,20,237603.0,37,62.25,5,2
1121327,1178,144578,35-39,M,21,271091.0,42,78.04000091552734,3,1
1121330,1178,144578,35-39,M,21,21743.0,2,3.4000000953674316,1,0
1121333,1178,144579,35-39,M,22,88970.0,10,14.829999923706055,2,0
1121334,1178,144579,35-39,M,22,108362.0,13,22.43000030517578,1,1
1121335,1178,144579,35-39,M,22,188596.0,27,44.13999938964844,3,0
1121336,1178,144579,35-39,M,22,275080.0,43,69.66000366210938,4,3
1121337,1178,144580,35-39,M,23,64647.0,10,16.270000457763672,1,0
1121338,1178,144580,35-39,M,23,31265.0,4,5.789999961853027,1,0
1121340,1178,144580,35-39,M,23,140147.0,24,42.08000183105469,2,0
1121341,1178,144580,35-39,M,23,223120.0,40,67.66999816894531,1,0
1121342,1178,144580,35-39,M,23,104869.0,18,34.06999969482422,1,0
1121344,1178,144581,35-39,M,24,165177.0,23,41.720001220703125,4,1
1121345,1178,144581,35-39,M,24,84194.0,11,19.56999969482422,1,0
1121347,1178,144581,35-39,M,24,220581.0,31,57.369998931884766,1,1
1121350,1178,144582,35-39,M,25,75804.0,10,17.369998931884766,2,1
1121352,1178,144582,35-39,M,25,368986.0,59,100.29000091552734,0,0
1121353,1178,144582,35-39,M,25,28194.0,3,3.7100000381469727,2,0
1121355,1178,144583,35-39,M,26,99961.0,14,23.209999084472656,1,0
1121359,1178,144583,35-39,M,26,7573.0,0,0.0,1,0
1121361,1178,144584,35-39,M,27,685781.0,103,177.88999938964844,9,1
1121364,1178,144584,35-39,M,27,274222.0,43,66.7699966430664,2,1
1121365,1178,144584,35-39,M,27,110503.0,25,32.68000030517578,4,0
1121367,1178,144585,35-39,M,28,867565.5,147,235.65999841690063,9,4
1121368,1178,144585,35-39,M,28,358987.0,52,87.55000305175781,1,0
1121369,1178,144585,35-39,M,28,826205.0,125,232.3699951171875,5,1
1121370,1178,144585,35-39,M,28,550954.0,84,150.13999938964844,3,0
1121372,1178,144585,35-39,M,28,378350.0,55,96.4800033569336,4,0
1121373,1178,144586,35-39,M,29,492784.0,56,95.51000213623047,7,4
1121374,1178,144586,35-39,M,29,327158.0,43,72.30999755859375,6,2
1121375,1178,144586,35-39,M,29,9921.0,0,0.0,1,0
1121377,1178,144586,35-39,M,29,59390.0,5,9.210000038146973,5,3
1121378,1178,144586,35-39,M,29,867565.5,147,235.65999841690063,9,2
1121379,1178,144587,35-39,M,30,49422.0,6,11.170000076293945,1,0
1121380,1178,144587,35-39,M,30,131091.0,18,34.22999954223633,3,1
1121381,1178,144587,35-39,M,30,95691.0,15,25.260000228881836,1,1
1121390,1178,144588,35-39,M,31,15513.0,1,1.2899999618530273,1,0
1121391,1178,144589,35-39,M,32,382537.0,63,113.98999786376953,4,3
1121394,1178,144589,35-39,M,32,461356.0,64,121.0999984741211,6,3
1121395,1178,144589,35-39,M,32,392541.0,53,98.69999694824219,3,2
1121398,1178,144590,35-39,M,36,35088.0,5,8.800000190734863,1,1
1121400,1178,144590,35-39,M,36,53933.0,6,9.930000305175781,3,1
1121403,1178,144591,35-39,M,63,228861.0,33,53.38999938964844,4,2
1121405,1178,144591,35-39,M,63,20959.0,2,3.7699999809265137,1,1
1121410,1178,144592,35-39,M,64,24992.0,2,3.190000057220459,1,0
1121411,1178,144592,35-39,M,64,100351.0,15,24.18000030517578,2,1
1121412,1178,144592,35-39,M,64,292448.0,43,76.9000015258789,2,1
1121413,1178,144592,35-39,M,64,65060.0,7,14.520000457763672,1,1
1121414,1178,144592,35-39,M,64,133316.0,21,36.17000198364258,2,0
1121415,1178,144593,35-39,M,65,113501.0,26,38.44000244140625,5,4
1121418,1178,144593,35-39,M,65,192810.0,41,61.93000030517578,4,3
1121421,1178,144594,35-39,M,2,233404.0,43,70.41000366210938,2,1
1121422,1178,144594,35-39,M,2,128843.0,24,37.599998474121094,2,0
1121423,1178,144594,35-39,M,2,63564.0,12,20.59000015258789,2,0
1121425,1178,144594,35-39,M,2,85970.0,14,24.780000686645508,1,1
1121428,1178,144595,35-39,M,7,131232.0,16,29.53999900817871,1,1
1121429,1178,144595,35-39,M,7,152454.0,22,37.849998474121094,1,1
1121430,1178,144595,35-39,M,7,28989.0,2,2.2899999618530273,1,0
1121433,1178,144596,35-39,M,66,80248.0,15,24.190000534057617,1,1
1121437,1178,144596,35-39,M,66,38580.0,5,8.520000457763672,1,0
1121439,1178,144597,40-44,M,10,621591.0,91,163.36000061035156,5,1
1121440,1178,144597,40-44,M,10,250499.0,36,58.13999938964844,3,1
1121442,1178,144597,40-44,M,10,131637.0,18,29.309999465942383,2,1
1121443,1178,144597,40-44,M,10,463813.0,69,116.33999633789062,4,2
1121444,1178,144597,40-44,M,10,211767.0,35,60.89999771118164,5,1
1121446,1178,144598,40-44,M,15,163181.0,26,40.02000045776367,1,1
1121451,1178,144599,40-44,M,16,867565.5,147,235.65999841690063,9,2
1121452,1178,144599,40-44,M,16,867565.5,147,235.65999841690063,9,4
1121453,1178,144599,40-44,M,16,455248.0,54,105.70999908447266,5,2
1121454,1178,144599,40-44,M,16,75589.0,6,10.65999984741211,1,1
1121455,1178,144599,40-44,M,16,594267.0,82,143.3000030517578,3,2
1121456,1178,144599,40-44,M,16,315281.0,35,65.02999877929688,1,0
1121464,1178,144601,40-44,M,19,363456.0,71,117.55999755859375,7,1
1121466,1178,144601,40-44,M,19,438983.0,81,143.42999267578125,3,1
1121467,1178,144601,40-44,M,19,42563.0,5,9.65999984741211,1,1
1121469,1178,144602,40-44,M,20,399035.0,75,124.80000305175781,7,3
1121471,1178,144602,40-44,M,20,304680.0,59,98.55000305175781,3,0
1121472,1178,144602,40-44,M,20,140596.0,23,40.77000045776367,1,0
1121473,1178,144602,40-44,M,20,439986.0,80,134.8800048828125,4,3
1121474,1178,144602,40-44,M,20,75803.0,11,19.360000610351562,2,2
1121477,1178,144603,40-44,M,21,7073.0,0,0.0,1,0
1121481,1178,144604,40-44,M,22,153586.0,28,43.01000213623047,2,0
1121482,1178,144604,40-44,M,22,180815.0,31,42.630001068115234,1,0
1121483,1178,144604,40-44,M,22,253169.0,51,75.79000091552734,1,0
1121484,1178,144604,40-44,M,22,34453.0,5,7.710000038146973,1,1
1121487,1178,144605,40-44,M,23,51550.0,8,14.039999961853027,1,0
1121489,1178,144605,40-44,M,23,110018.0,24,39.86000061035156,1,0
1121493,1178,144606,40-44,M,24,137584.0,21,36.779998779296875,1,0
1121497,1178,144606,40-44,M,24,209825.0,30,54.869998931884766,1,0
1121499,1178,144607,40-44,M,25,264222.0,63,87.79000091552734,1,1
1121510,1178,144608,40-44,M,26,31202.0,5,6.730000019073486,1,0
1121511,1178,144609,40-44,M,27,252991.0,49,76.83999633789062,3,0
1121514,1178,144609,40-44,M,27,56265.0,9,15.539999961853027,1,0
1121523,1178,144611,40-44,M,29,76923.0,11,17.670000076293945,2,2
1121524,1178,144611,40-44,M,29,209332.0,30,49.599998474121094,3,1
1121525,1178,144611,40-44,M,29,214094.0,31,53.27000045776367,1,0
1121526,1178,144611,40-44,M,29,526209.0,85,126.93000030517578,3,2
1121527,1178,144611,40-44,M,29,741143.0,120,179.6199951171875,4,1
1121528,1178,144611,40-44,M,29,172827.0,25,38.42000198364258,2,0
1121530,1178,144612,40-44,M,30,188873.0,38,58.599998474121094,1,1
1121532,1178,144612,40-44,M,30,123126.0,25,39.72999954223633,2,1
1121535,1178,144613,40-44,M,31,77794.0,14,19.110000610351562,1,1
1121541,1178,144614,40-44,M,32,56630.0,9,15.8100004196167,1,1
1121544,1178,144614,40-44,M,32,400844.0,85,140.97000122070312,4,2
1121545,1178,144614,40-44,M,32,208572.0,36,60.76000213623047,2,1
1121548,1178,144615,40-44,M,36,59004.0,8,13.510000228881836,1,0
1121551,1178,144615,40-44,M,36,196253.0,32,55.099998474121094,1,0
1121554,1178,144616,40-44,M,63,51858.0,8,12.630000114440918,1,1
1121557,1178,144616,40-44,M,63,280764.0,49,81.36000061035156,2,1
1121561,1178,144617,40-44,M,64,63660.0,11,16.469999313354492,1,1
1121562,1178,144617,40-44,M,64,109289.0,19,31.030000686645508,1,0
1121568,1178,144618,40-44,M,65,188440.0,40,60.72999954223633,2,1
1121571,1178,144619,40-44,M,2,212496.0,44,74.83000183105469,2,1
1121572,1178,144619,40-44,M,2,32574.0,5,7.480000019073486,1,0
1121575,1178,144619,40-44,M,2,128595.0,23,36.47999954223633,1,1
1121577,1178,144620,40-44,M,7,242234.0,48,68.05999755859375,2,0
1121584,1178,144621,40-44,M,66,33154.0,5,7.880000114440918,1,1
1121585,1178,144621,40-44,M,66,9773.0,1,1.4600000381469727,1,0
1121589,1178,144622,45-49,M,10,464036.0,77,123.55000305175781,3,1
1121590,1178,144622,45-49,M,10,478480.0,75,135.75,3,1
1121592,1178,144622,45-49,M,10,428812.0,66,116.87999725341797,4,2
1121593,1178,144622,45-49,M,10,867565.5,147,235.65999841690063,9,3
1121594,1178,144622,45-49,M,10,426500.0,72,128.27999877929688,4,1
1121597,1178,144623,45-49,M,15,54237.0,7,10.779999732971191,2,1
1121598,1178,144623,45-49,M,15,506916.0,89,133.6999969482422,2,2
1121599,1178,144623,45-49,M,15,250960.0,42,64.87999725341797,2,0
1121601,1178,144624,45-49,M,16,867565.5,147,235.65999841690063,9,4
1121602,1178,144624,45-49,M,16,867565.5,125,220.55999755859375,6,1
1121603,1178,144624,45-49,M,16,159478.0,20,33.900001525878906,3,1
1121605,1178,144624,45-49,M,16,867565.5,147,235.65999841690063,6,3
1121606,1178,144624,45-49,M,16,867565.5,134,235.65999841690063,7,2
1121607,1178,144625,45-49,M,18,154572.0,26,40.93000030517578,1,1
1121609,1178,144625,45-49,M,18,378171.0,70,109.25,1,0
1121612,1178,144625,45-49,M,18,468749.0,84,134.1199951171875,6,1
1121613,1178,144626,45-49,M,19,309823.0,60,103.38999938964844,4,4
1121615,1178,144626,45-49,M,19,327227.0,65,116.55999755859375,5,0
1121616,1178,144626,45-49,M,19,334945.0,72,120.30000305175781,2,1
1121617,1178,144626,45-49,M,19,68859.0,15,25.459999084472656,1,0
1121619,1178,144627,45-49,M,20,127125.0,20,35.68000030517578,2,0
1121620,1178,144627,45-49,M,20,415798.0,80,131.77999877929688,3,1
1121622,1178,144627,45-49,M,20,107671.0,20,29.90999984741211,1,1
1121623,1178,144627,45-49,M,20,164356.0,28,46.790000915527344,2,1
1121624,1178,144627,45-49,M,20,17662.0,2,3.18999981880188,1,0
1121627,1178,144628,45-49,M,21,65339.0,10,16.68000030517578,2,0
1121628,1178,144628,45-49,M,21,59838.0,7,11.109999656677246,1,0
1121629,1178,144628,45-49,M,21,381577.0,81,127.56999969482422,2,0
1121635,1178,144629,45-49,M,22,45491.0,8,11.010000228881836,1,0
1121638,1178,144630,45-49,M,23,18946.0,2,3.5999999046325684,1,0
1121641,1178,144630,45-49,M,23,114370.0,18,33.65999984741211,1,0
1121642,1178,144630,45-49,M,23,99698.0,21,33.349998474121094,1,0
1121644,1178,144631,45-49,M,24,355165.0,81,128.61000061035156,4,3
1121650,1178,144632,45-49,M,25,101431.0,23,33.93000030517578,1,1
1121652,1178,144632,45-49,M,25,123151.0,24,36.439998626708984,2,1
1121660,1178,144633,45-49,M,26,24078.0,4,5.769999980926514,1,0
1121661,1178,144634,45-49,M,27,517801.0,105,181.72000122070312,3,0
1121662,1178,144634,45-49,M,27,145104.0,25,41.42000198364258,2,1
1121664,1178,144634,45-49,M,27,179950.0,35,58.68000030517578,1,0
1121665,1178,144634,45-49,M,27,258531.0,46,80.33999633789062,2,0
1121666,1178,144634,45-49,M,27,272500.0,62,104.45999908447266,3,0
1121667,1178,144635,45-49,M,28,273197.0,57,87.7300033569336,3,0
1121668,1178,144635,45-49,M,28,775904.0,147,235.65999841690063,4,2
1121669,1178,144635,45-49,M,28,120251.0,26,39.439998626708984,1,0
1121671,1178,144635,45-49,M,28,139406.0,24,39.04999923706055,1,0
1121672,1178,144635,45-49,M,28,60314.0,11,16.939998626708984,2,1
1121673,1178,144636,45-49,M,29,563074.0,86,142.70999145507812,4,2
1121674,1178,144636,45-49,M,29,168655.0,18,27.299999237060547,2,0
1121675,1178,144636,45-49,M,29,111963.0,17,29.3799991607666,2,1
1121676,1178,144636,45-49,M,29,867565.5,147,235.65999841690063,9,4
1121677,1178,144636,45-49,M,29,867565.5,147,235.65999841690063,9,4
1121678,1178,144636,45-49,M,29,147551.0,22,38.5,1,0
1121685,1178,144638,45-49,M,31,66794.0,9,17.329999923706055,1,1
1121687,1178,144638,45-49,M,31,118882.0,19,32.310001373291016,2,1
1121689,1178,144638,45-49,M,31,148010.0,24,41.970001220703125,1,0
1121691,1178,144639,45-49,M,32,867565.5,147,235.65999841690063,3,1
1121692,1178,144639,45-49,M,32,718359.0,147,235.65999841690063,4,1
1121693,1178,144639,45-49,M,32,433658.0,82,158.60000610351562,5,2
1121695,1178,144639,45-49,M,32,29455.0,3,4.769999980926514,1,0
1121701,1178,144640,45-49,M,36,23973.0,3,4.820000171661377,1,1
1121705,1178,144641,45-49,M,63,126480.0,25,37.2599983215332,1,1
1121706,1178,144641,45-49,M,63,138959.0,28,39.52000045776367,1,0
1121708,1178,144641,45-49,M,63,68829.0,12,19.479999542236328,1,0
1121711,1178,144642,45-49,M,64,49916.0,10,16.3799991607666,1,1
1121716,1178,144643,45-49,M,65,76014.0,16,22.670000076293945,1,1
1121723,1178,144644,45-49,M,2,50947.0,10,15.99000072479248,1,0
1121733,1178,144646,45-49,M,66,55536.0,11,17.049999237060547,1,0
1121741,1178,144647,30-34,F,10,318042.0,46,64.41000366210938,8,4
1121742,1178,144647,30-34,F,10,213016.0,30,44.220001220703125,8,2
1121745,1178,144648,30-34,F,15,182265.0,27,38.18000030517578,2,1
1121746,1178,144648,30-34,F,15,867565.5,147,235.65999841690063,9,4
1121749,1178,144648,30-34,F,15,333345.0,52,77.59000396728516,5,1
1121751,1178,144649,30-34,F,16,275930.0,30,46.779998779296875,5,2
1121753,1178,144649,30-34,F,16,740631.0,101,153.1199951171875,9,1
1121754,1178,144649,30-34,F,16,328272.0,35,55.9900016784668,2,1
1121755,1178,144649,30-34,F,16,178455.0,20,31.540000915527344,6,3
1121756,1178,144649,30-34,F,16,705712.0,98,147.33999633789062,6,1
1121758,1178,144650,30-34,F,18,690373.0,91,159.57000732421875,5,2
1121759,1178,144650,30-34,F,18,515812.0,69,117.62999725341797,3,1
1121760,1178,144650,30-34,F,18,764793.0,101,171.97999572753906,4,2
1121763,1178,144651,30-34,F,19,87832.0,11,18.100000381469727,1,1
1121764,1178,144651,30-34,F,19,23368.0,3,4.300000190734863,1,0
1121765,1178,144651,30-34,F,19,51509.0,7,11.569999694824219,1,0
1121767,1178,144651,30-34,F,19,87043.0,16,24.479999542236328,2,0
1121768,1178,144651,30-34,F,19,565565.0,113,169.6699981689453,7,4
1121769,1178,144652,30-34,F,20,253758.0,43,62.13999938964844,4,1
1121773,1178,144652,30-34,F,20,319131.0,51,76.68000030517578,6,1
1121774,1178,144652,30-34,F,20,670608.0,130,195.14999389648438,9,3
1121775,1178,144653,30-34,F,21,159123.0,25,38.36000061035156,5,3
1121776,1178,144653,30-34,F,21,103709.0,15,24.56999969482422,3,1
1121779,1178,144653,30-34,F,21,271589.0,45,74.41000366210938,9,3
1121780,1178,144653,30-34,F,21,119772.0,20,33.46999740600586,5,2
1121782,1178,144654,30-34,F,22,26340.0,3,4.220000267028809,1,1
1121783,1178,144654,30-34,F,22,594968.0,111,147.6699981689453,4,0
1121791,1178,144655,30-34,F,23,6838.0,0,0.0,1,0
1121793,1178,144656,30-34,F,24,185665.0,39,62.13999938964844,1,0
1121795,1178,144656,30-34,F,24,24959.0,3,4.559999942779541,1,1
1121796,1178,144656,30-34,F,24,136967.0,23,35.060001373291016,3,1
1121798,1178,144656,30-34,F,24,107548.0,19,29.309999465942383,1,0
1121803,1178,144657,30-34,F,25,588617.0,119,169.9199981689453,2,0
1121806,1178,144658,30-34,F,26,190560.0,26,41.630001068115234,3,1
1121807,1178,144658,30-34,F,26,373110.0,49,75.69999694824219,4,2
1121812,1178,144659,30-34,F,27,867565.5,147,235.65999841690063,9,4
1121814,1178,144659,30-34,F,27,867565.5,147,235.65999841690063,9,4
1121815,1178,144659,30-34,F,27,240497.0,36,51.84000015258789,1,0
1121816,1178,144659,30-34,F,27,259984.0,37,54.790000915527344,5,0
1121817,1178,144660,30-34,F,28,606786.0,127,179.0500030517578,9,3
1121818,1178,144660,30-34,F,28,83270.0,13,17.739999771118164,1,0
1121819,1178,144660,30-34,F,28,867565.5,147,235.65999841690063,7,3
1121820,1178,144660,30-34,F,28,11471.0,1,1.5700000524520874,0,0
1121824,1178,144661,30-34,F,29,867565.5,147,235.65999841690063,9,4
1121826,1178,144661,30-34,F,29,418016.0,63,95.8499984741211,3,1
1121827,1178,144661,30-34,F,29,30155.0,3,3.819999933242798,1,0
1121828,1178,144661,30-34,F,29,867565.5,147,226.5399932861328,9,4
1121829,1178,144662,30-34,F,30,187468.0,34,50.720001220703125,2,1
1121832,1178,144662,30-34,F,30,208301.0,33,54.56999969482422,1,0
1121833,1178,144662,30-34,F,30,101856.0,16,25.220001220703125,4,1
1121835,1178,144663,30-34,F,31,48935.0,7,9.970000267028809,1,1
1121839,1178,144663,30-34,F,31,13911.0,1,1.7300000190734863,1,1
1121841,1178,144664,30-34,F,32,511726.0,77,123.09000396728516,8,4
1121843,1178,144664,30-34,F,32,177452.0,24,37.83000183105469,2,0
1121844,1178,144664,30-34,F,32,149808.0,20,33.040000915527344,1,1
1121845,1178,144664,30-34,F,32,390339.0,60,105.0199966430664,9,4
1121846,1178,144664,30-34,F,32,8350.0,0,0.0,1,0
1121847,1178,144665,30-34,F,36,39339.0,4,5.929999828338623,1,0
1121854,1178,144666,30-34,F,63,8587.0,0,0.0,1,0
1121855,1178,144666,30-34,F,63,24893.0,2,3.75,1,0
1121856,1178,144666,30-34,F,63,867565.5,147,235.65999841690063,9,4
1121857,1178,144666,30-34,F,63,91607.0,12,19.190000534057617,2,1
1121859,1178,144667,30-34,F,64,238036.0,38,61.029998779296875,6,3
1121860,1178,144667,30-34,F,64,254344.0,35,56.16999816894531,2,1
1121861,1178,144667,30-34,F,64,157705.0,23,39.22999954223633,2,0
1121862,1178,144667,30-34,F,64,411571.0,60,99.18000030517578,6,1
1121863,1178,144667,30-34,F,64,94136.0,11,16.18000030517578,1,0
1121867,1178,144668,30-34,F,65,82640.0,16,23.970001220703125,1,1
1121869,1178,144668,30-34,F,65,17870.0,2,2.620000123977661,1,1
1121871,1178,144669,30-34,F,2,19178.0,2,2.7799999713897705,1,1
1121873,1178,144669,30-34,F,2,5264.0,0,0.0,1,0
1121874,1178,144669,30-34,F,2,145548.0,28,42.369998931884766,2,1
1121876,1178,144669,30-34,F,2,82455.0,15,22.049999237060547,1,0
1121877,1178,144670,30-34,F,7,44189.0,7,10.319999694824219,2,0
1121878,1178,144670,30-34,F,7,45199.0,7,9.8100004196167,1,0
1121881,1178,144670,30-34,F,7,221843.0,43,63.45000076293945,5,0
1121888,1178,144671,30-34,F,66,41672.0,6,10.550000190734863,2,1
1121889,1178,144672,35-39,F,10,127546.0,25,38.939998626708984,2,0
1121890,1178,144672,35-39,F,10,127865.0,28,38.029998779296875,3,1
1121891,1178,144672,35-39,F,10,867565.5,147,235.65999841690063,9,2
1121894,1178,144672,35-39,F,10,561415.0,124,173.75999450683594,3,0
1121895,1178,144673,35-39,F,15,132803.0,25,37.31999969482422,2,1
1121897,1178,144673,35-39,F,15,24664.0,2,2.629999876022339,1,1
1121901,1178,144674,35-39,F,16,867565.5,147,235.65999841690063,7,3
1121902,1178,144674,35-39,F,16,682143.0,114,177.11000061035156,6,2
1121903,1178,144674,35-39,F,16,867565.5,147,235.65999841690063,9,4
1121904,1178,144674,35-39,F,16,146406.0,23,33.22999954223633,1,1
1121905,1178,144674,35-39,F,16,867565.5,147,234.66000366210938,4,1
1121906,1178,144674,35-39,F,16,867565.5,147,235.65999841690063,9,3
1121907,1178,144675,35-39,F,18,98057.0,20,31.010000228881836,1,1
1121917,1178,144676,35-39,F,19,238735.0,56,84.65999603271484,4,1
1121918,1178,144676,35-39,F,19,320657.0,77,115.8800048828125,2,0
1121925,1178,144678,35-39,F,21,244074.0,57,84.51000213623047,4,2
1121928,1178,144678,35-39,F,21,39146.0,8,13.059999465942383,1,0
1121931,1178,144679,35-39,F,22,78468.0,15,23.649999618530273,1,0
1121933,1178,144679,35-39,F,22,325653.0,63,89.3499984741211,2,0
1121935,1178,144679,35-39,F,22,66277.0,12,17.299999237060547,1,0
1121936,1178,144679,35-39,F,22,93002.0,16,23.34000015258789,1,0
1121944,1178,144681,35-39,F,24,109723.0,27,40.959999084472656,1,0
1121948,1178,144681,35-39,F,24,118941.0,35,50.11000061035156,4,1
1121949,1178,144682,35-39,F,25,221576.0,47,66.79000091552734,6,1
1121953,1178,144682,35-39,F,25,8341.0,1,1.6399999856948853,1,0
1121954,1178,144682,35-39,F,25,120335.0,26,36.22999954223633,2,0
1121955,1178,144683,35-39,F,26,182098.0,40,62.869998931884766,1,1
1121956,1178,144683,35-39,F,26,227473.0,52,71.58000183105469,1,1
1121962,1178,144684,35-39,F,27,867565.5,147,235.65999841690063,6,1
1121963,1178,144684,35-39,F,27,720859.0,147,213.69000244140625,9,4
1121971,1178,144685,35-39,F,28,41111.0,8,10.960000038146973,1,0
1121973,1178,144686,35-39,F,29,148616.0,25,37.400001525878906,6,4
1121976,1178,144686,35-39,F,29,707260.0,135,210.82000732421875,9,4
1121977,1178,144686,35-39,F,29,139596.0,26,42.40999984741211,1,1
1121983,1178,144687,35-39,F,30,105399.0,22,33.20000076293945,2,0
1121994,1178,144689,35-39,F,32,222378.0,50,72.91000366210938,1,0
1122003,1178,144691,35-39,F,63,867565.5,147,235.65999841690063,9,4
1122004,1178,144691,35-39,F,63,579150.0,125,167.0500030517578,5,1
1122005,1178,144691,35-39,F,63,449588.0,81,123.80000305175781,5,2
1122006,1178,144691,35-39,F,63,318157.0,56,85.70000457763672,3,0
1122007,1178,144691,35-39,F,63,196967.0,43,65.18000030517578,2,1
1122011,1178,144692,35-39,F,64,158298.0,37,46.43000030517578,4,1
1122012,1178,144692,35-39,F,64,222739.0,55,68.55999755859375,5,2
1122022,1178,144694,35-39,F,2,20780.0,5,8.1899995803833,1,0
1122027,1178,144695,35-39,F,7,128616.0,33,48.54999923706055,2,0
1122039,1178,144697,40-44,F,10,258954.0,61,82.27999877929688,1,0
1122040,1178,144697,40-44,F,10,205289.0,48,71.52999877929688,3,0
1122041,1178,144697,40-44,F,10,611601.0,138,191.4199981689453,8,3
1122043,1178,144697,40-44,F,10,867565.5,147,235.65999841690063,8,4
1122044,1178,144697,40-44,F,10,233043.0,49,65.02999877929688,2,0
1122047,1178,144698,40-44,F,15,582725.0,142,194.80999755859375,9,2
1122052,1178,144699,40-44,F,16,265038.0,51,78.45999908447266,2,1
1122054,1178,144699,40-44,F,16,222273.0,39,53.62999725341797,6,1
1122055,1178,144699,40-44,F,16,797234.0,147,235.65999841690063,4,1
1122056,1178,144699,40-44,F,16,867565.5,147,235.65999841690063,4,2
1122058,1178,144700,40-44,F,18,22210.0,3,4.050000190734863,1,1
1122075,1178,144703,40-44,F,21,46391.0,11,16.40999984741211,3,1
1122078,1178,144703,40-44,F,21,190477.0,42,66.38999938964844,1,0
1122079,1178,144703,40-44,F,21,25382.0,7,9.609999656677246,1,0
1122085,1178,144704,40-44,F,22,65726.0,17,22.1200008392334,2,0
1122089,1178,144705,40-44,F,23,195220.0,51,78.05999755859375,1,0
1122092,1178,144705,40-44,F,23,107501.0,27,40.880001068115234,2,2
1122101,1178,144707,40-44,F,25,197772.0,63,88.20999908447266,7,2
1122102,1178,144707,40-44,F,25,138154.0,35,48.939998626708984,1,0
1122103,1178,144707,40-44,F,25,270124.0,69,95.8499984741211,2,0
1122105,1178,144708,40-44,F,26,303971.0,77,106.93000030517578,9,4
1122107,1178,144708,40-44,F,26,682046.0,147,235.65999841690063,4,2
1122109,1178,144708,40-44,F,26,328365.0,83,117.34000396728516,2,1
1122112,1178,144709,40-44,F,27,867565.5,147,235.65999841690063,9,0
1122113,1178,144709,40-44,F,27,867565.5,147,235.65999841690063,7,2
1122118,1178,144710,40-44,F,28,101586.0,24,33.470001220703125,2,1
1122120,1178,144710,40-44,F,28,181053.0,46,66.27999877929688,3,1
1122121,1178,144710,40-44,F,28,133419.0,35,48.18000030517578,2,1
1122125,1178,144711,40-44,F,29,489573.0,113,156.1199951171875,3,2
1122127,1178,144711,40-44,F,29,822023.0,147,235.65999841690063,6,0
1122131,1178,144712,40-44,F,30,93176.0,29,40.369998931884766,1,1
1122138,1178,144713,40-44,F,31,47229.0,13,19.280000686645508,1,0
1122139,1178,144713,40-44,F,31,92263.0,24,34.029998779296875,1,0
1122140,1178,144713,40-44,F,31,81551.0,21,29.670000076293945,1,0
1122145,1178,144714,40-44,F,32,141037.0,32,47.790000915527344,3,0
1122146,1178,144714,40-44,F,32,319501.0,79,111.6500015258789,0,0
1122149,1178,144715,40-44,F,36,72741.0,19,24.329999923706055,2,0
1122154,1178,144716,40-44,F,63,597419.0,135,188.50999450683594,2,1
1122157,1178,144716,40-44,F,63,98768.0,21,33.13999938964844,1,1
1122160,1178,144717,40-44,F,64,173165.0,41,59.849998474121094,1,0
1122165,1178,144718,40-44,F,65,55823.0,13,21.110000610351562,1,1
1122166,1178,144718,40-44,F,65,118451.0,28,38.35000228881836,4,1
1122176,1178,144719,40-44,F,2,74424.0,22,30.84000015258789,1,1
1122177,1178,144720,40-44,F,7,47929.0,12,14.59000015258789,1,1
1122182,1178,144720,40-44,F,7,40801.0,12,15.920000076293945,0,0
1122183,1178,144721,40-44,F,66,66017.0,17,24.219999313354492,1,0
1122189,1178,144722,45-49,F,10,725043.0,147,235.65999841690063,5,3
1122191,1178,144722,45-49,F,10,382776.0,97,132.72999572753906,5,1
1122192,1178,144722,45-49,F,10,548250.0,137,201.60000610351562,5,1
1122193,1178,144722,45-49,F,10,867565.5,147,235.65999841690063,8,2
1122197,1178,144723,45-49,F,15,662249.0,147,234.94000244140625,2,0
1122200,1178,144723,45-49,F,15,559554.0,139,195.0800018310547,2,0
1122201,1178,144724,45-49,F,16,320757.0,68,104.69000244140625,2,0
1122202,1178,144724,45-49,F,16,867565.5,147,235.65999841690063,1,0
1122203,1178,144724,45-49,F,16,699314.0,147,226.02999877929688,3,0
1122204,1178,144724,45-49,F,16,850337.0,147,235.65999841690063,3,1
1122205,1178,144724,45-49,F,16,867565.5,147,235.65999841690063,9,2
1122209,1178,144725,45-49,F,18,867565.5,147,235.65999841690063,1,0
1122210,1178,144725,45-49,F,18,791817.0,147,235.65999841690063,4,2
1122211,1178,144725,45-49,F,18,317601.0,76,115.66000366210938,1,0
1122212,1178,144725,45-49,F,18,685211.0,147,235.65999841690063,4,3
1122213,1178,144726,45-49,F,19,32781.0,7,11.199999809265137,2,2
1122216,1178,144726,45-49,F,19,76785.0,19,25.459999084472656,3,0
1122217,1178,144726,45-49,F,19,719083.0,147,235.65999841690063,9,4
1122223,1178,144727,45-49,F,20,368480.0,107,140.4199981689453,5,4
1122224,1178,144727,45-49,F,20,260945.0,73,100.8800048828125,2,2
1122225,1178,144728,45-49,F,21,40998.0,10,13.350000381469727,1,0
1122227,1178,144728,45-49,F,21,183293.0,53,73.75,2,1
1122232,1178,144729,45-49,F,22,221561.0,55,76.76000213623047,1,0
1122233,1178,144729,45-49,F,22,436943.0,109,145.8199920654297,1,1
1122240,1178,144730,45-49,F,23,284488.0,90,125.27000427246094,1,1
1122244,1178,144731,45-49,F,24,85083.0,32,38.630001068115234,1,1
1122246,1178,144731,45-49,F,24,14167.0,5,7.139999866485596,1,0
1122249,1178,144732,45-49,F,25,300637.0,84,116.98999786376953,2,0
1122253,1178,144732,45-49,F,25,449921.0,129,175.97000122070312,5,1
1122254,1178,144732,45-49,F,25,282899.0,71,105.66000366210938,1,0
1122257,1178,144733,45-49,F,26,669671.0,147,235.65999841690063,4,1
1122258,1178,144733,45-49,F,26,108655.0,28,46.92000198364258,1,0
1122260,1178,144733,45-49,F,26,536248.0,146,187.739990234375,3,0
1122262,1178,144734,45-49,F,27,867565.5,147,235.65999841690063,9,2
1122265,1178,144734,45-49,F,27,867565.5,147,235.65999841690063,9,0
1122266,1178,144734,45-49,F,27,867565.5,147,235.65999841690063,9,4
1122267,1178,144735,45-49,F,28,288517.0,78,102.38999938964844,3,0
1122268,1178,144735,45-49,F,28,202231.0,53,67.1300048828125,3,1
1122270,1178,144735,45-49,F,28,73222.0,16,22.860000610351562,1,0
1122271,1178,144735,45-49,F,28,348542.0,96,134.88999938964844,2,0
1122273,1178,144736,45-49,F,29,867565.5,147,235.65999841690063,9,4
1122274,1178,144736,45-49,F,29,526923.0,138,198.08999633789062,2,1
1122276,1178,144736,45-49,F,29,264386.0,66,91.0,4,1
1122277,1178,144736,45-49,F,29,854940.0,147,235.65999841690063,8,3
1122279,1178,144737,45-49,F,30,113567.0,34,50.290000915527344,3,0
1122282,1178,144737,45-49,F,30,22859.0,6,9.420000076293945,1,0
1122288,1178,144738,45-49,F,31,51754.0,13,20.520000457763672,1,0
1122290,1178,144738,45-49,F,31,104347.0,28,38.13999938964844,4,3
1122303,1178,144741,45-49,F,63,391998.0,97,142.0500030517578,3,1
1122304,1178,144741,45-49,F,63,867565.5,147,235.65999841690063,5,0
1122308,1178,144741,45-49,F,63,427772.0,117,159.3000030517578,3,1
1122310,1178,144742,45-49,F,64,536457.0,136,193.66000366210938,2,1
1122311,1178,144742,45-49,F,64,179894.0,43,66.83999633789062,2,0
1122312,1178,144742,45-49,F,64,479882.0,131,178.6699981689453,6,0
1122313,1178,144742,45-49,F,64,358261.0,91,130.36000061035156,1,0
1122316,1178,144743,45-49,F,65,346688.0,88,114.86000061035156,2,0
1314296,1178,179863,30-34,M,76,33445.0,2,3.1999998092651367,1,0
1314297,1178,179864,30-34,M,76,72228.0,5,7.529999732971191,4,4
1314298,1178,179865,30-34,M,76,49699.0,2,2.690000057220459,2,1
1314299,1178,179866,30-34,M,76,189761.0,18,27.329999923706055,4,1
1314301,1178,179868,30-34,M,76,312524.0,37,53.790000915527344,2,0
1314303,1178,179870,30-34,M,76,496760.0,42,61.0099983215332,9,3
1314306,1178,179873,30-34,M,76,310988.0,34,46.66999816894531,9,3
1314307,1178,179874,30-34,M,76,98606.0,9,12.109999656677246,1,0
1314308,1178,179875,30-34,M,76,51104.0,2,3.1999998092651367,3,1
1314309,1178,179876,30-34,M,76,276762.0,22,32.09000015258789,5,1
1314312,1178,179879,35-39,M,76,33534.0,2,2.9600000381469727,1,1
1314313,1178,179880,35-39,M,76,128859.0,16,23.69999885559082,1,0
1314314,1178,179881,35-39,M,76,92080.0,12,16.940000534057617,3,2
1314316,1178,179883,35-39,M,76,211882.0,33,46.64999771118164,3,1
1314318,1178,179885,35-39,M,76,112776.0,9,12.680000305175781,1,0
1314319,1178,179886,35-39,M,76,145324.0,14,19.81999969482422,2,1
1314320,1178,179887,35-39,M,76,106492.0,14,21.260000228881836,2,0
1314321,1178,179888,35-39,M,76,233845.0,30,40.72999954223633,3,0
1314323,1178,179890,35-39,M,76,155426.0,17,25.010000228881836,3,0
1314324,1178,179891,35-39,M,76,97540.0,8,11.519999504089355,2,1
1314325,1178,179892,35-39,M,76,61441.0,5,7.700000286102295,1,0
1314326,1178,179893,40-44,M,76,76703.0,9,12.149999618530273,3,1
1314327,1178,179894,40-44,M,76,68619.0,10,14.960000038146973,1,0
1314330,1178,179897,40-44,M,76,17559.0,1,1.4900000095367432,1,1
1314331,1178,179898,40-44,M,76,137879.0,19,28.469999313354492,2,0
1314332,1178,179899,40-44,M,76,67710.0,10,15.149999618530273,1,0
1314333,1178,179900,40-44,M,76,348180.0,41,60.22999954223633,3,1
1314334,1178,179901,40-44,M,76,146246.0,18,28.719999313354492,3,1
1314336,1178,179903,40-44,M,76,187236.0,24,34.869998931884766,2,2
1314337,1178,179904,40-44,M,76,72157.0,9,13.5,1,1
1314338,1178,179905,40-44,M,76,91180.0,10,13.559999465942383,1,0
1314339,1178,179906,40-44,M,76,86293.0,6,9.260000228881836,1,1
1314341,1178,179908,45-49,M,76,101410.0,12,17.940000534057617,4,0
1314343,1178,179910,45-49,M,76,134245.0,18,25.75,2,1
1314345,1178,179912,45-49,M,76,125650.0,20,30.079999923706055,4,0
1314346,1178,179913,45-49,M,76,50406.0,5,7.260000228881836,1,1
1314348,1178,179915,45-49,M,76,121769.0,13,18.420000076293945,2,1
1314349,1178,179916,45-49,M,76,267106.0,34,50.5,4,1
1314350,1178,179917,45-49,M,76,365539.0,57,82.13999938964844,5,2
1314351,1178,179918,45-49,M,76,188758.0,25,36.599998474121094,2,1
1314353,1178,179920,45-49,M,76,108426.0,13,19.579999923706055,1,0
1314354,1178,179921,45-49,M,76,138525.0,9,13.65000057220459,3,0
1314355,1178,179922,45-49,M,76,150858.0,21,30.260000228881836,1,0
1314357,1178,179924,30-34,F,76,524306.0,81,113.68000030517578,9,4
1314358,1178,179925,30-34,F,76,104496.0,9,11.430000305175781,3,2
1314359,1178,179926,30-34,F,76,452519.0,68,99.52000427246094,7,2
1314360,1178,179927,30-34,F,76,442919.0,76,110.77999877929688,9,2
1314361,1178,179928,30-34,F,76,596831.0,86,120.87999725341797,9,0
1314362,1178,179929,30-34,F,76,173912.0,26,35.540000915527344,2,1
1314363,1178,179930,30-34,F,76,780967.0,86,119.63999938964844,9,4
1314364,1178,179931,30-34,F,76,132124.0,8,11.1899995803833,4,0
1314365,1178,179932,30-34,F,76,623137.0,100,138.9199981689453,9,1
1314366,1178,179933,30-34,F,76,99020.0,10,14.480000495910645,4,1
1314367,1178,179934,30-34,F,76,665817.0,117,163.8000030517578,9,4
1314368,1178,179935,30-34,F,76,699232.0,80,111.98999786376953,9,3
1314371,1178,179938,35-39,F,76,72982.0,11,15.050000190734863,1,0
1314372,1178,179939,35-39,F,76,867565.5,147,235.65999841690063,9,3
1314373,1178,179940,35-39,F,76,245607.0,33,47.880001068115234,3,1
1314377,1178,179944,35-39,F,76,485369.0,114,164.63999938964844,3,0
1314378,1178,179945,35-39,F,76,866355.0,139,200.8300018310547,9,4
1314379,1178,179946,35-39,F,76,502710.0,72,105.2199935913086,8,2
1314380,1178,179947,35-39,F,76,475184.0,88,127.31999969482422,4,1
1314381,1178,179948,35-39,F,76,357401.0,47,68.66999816894531,8,1
1314382,1178,179949,35-39,F,76,99810.0,14,20.049999237060547,2,0
1314383,1178,179950,35-39,F,76,81569.0,6,9.40999984741211,3,1
1314384,1178,179951,35-39,F,76,441192.0,53,77.5999984741211,6,2
1314385,1178,179952,35-39,F,76,90470.0,11,16.729999542236328,1,1
1314386,1178,179953,40-44,F,76,834243.0,147,235.65999841690063,9,4
1314387,1178,179954,40-44,F,76,696612.0,147,223.1899871826172,9,4
1314388,1178,179955,40-44,F,76,329333.0,48,67.61000061035156,1,0
1314389,1178,179956,40-44,F,76,867565.5,147,235.65999841690063,6,0
1314390,1178,179957,40-44,F,76,267316.0,58,82.93000030517578,3,0
1314391,1178,179958,40-44,F,76,228629.0,38,57.0,2,0
1314392,1178,179959,40-44,F,76,758340.0,147,233.11000061035156,9,4
1314393,1178,179960,40-44,F,76,867565.5,147,217.77999877929688,5,2
1314394,1178,179961,40-44,F,76,867565.5,147,235.65999841690063,9,1
1314395,1178,179962,40-44,F,76,280240.0,61,87.99000549316406,2,2
1314396,1178,179963,40-44,F,76,419922.0,75,105.45000457763672,3,1
1314397,1178,179964,40-44,F,76,402975.0,83,120.89999389648438,1,0
1314398,1178,179965,40-44,F,76,867565.5,147,235.65999841690063,9,4
1314400,1178,179967,40-44,F,76,250234.0,40,62.31999969482422,4,1
1314401,1178,179968,45-49,F,76,867565.5,147,235.65999841690063,9,1
1314402,1178,179969,45-49,F,76,589270.0,107,158.0500030517578,9,4
1314403,1178,179970,45-49,F,76,168714.0,24,36.01000213623047,2,2
1314404,1178,179971,45-49,F,76,71982.0,11,16.34000015258789,1,0
1314405,1178,179972,45-49,F,76,558666.0,110,162.63999938964844,9,4
1314406,1178,179973,45-49,F,76,867565.5,147,235.65999841690063,9,4
1314407,1178,179974,45-49,F,76,107100.0,23,33.709999084472656,1,0
1314408,1178,179975,45-49,F,76,867565.5,147,232.58999633789062,9,4
1314409,1178,179976,45-49,F,76,212508.0,33,47.689998626708984,4,1
1314410,1178,179977,45-49,F,76,867565.5,147,235.65999841690063,9,2
1314411,1178,179978,45-49,F,76,637549.0,120,173.8800048828125,3,0
1314412,1178,179979,45-49,F,76,151531.0,28,40.290000915527344,2,0
1314414,1178,179981,45-49,F,76,790253.0,135,198.7100067138672,8,2
1314415,1178,179982,45-49,F,76,513161.0,114,165.61000061035156,5,2
