field_id,elevation,rainfall,min_temperature_c,max_temperature_c,ph,pollution_level,plot_size,annual_yield,crop_type
1162,494.95615,1507.6,-5.4,31.0,6.8594356,0.007034216,3.6,1.6174206733703613,coffee
5108,663.7339,581.0,-4.7,30.9,5.603219,0.289643,4.2,2.5324974060058594,potato
3504,396.8799,1715.1,-6.1,31.7,5.7741165,0.00040878548,2.6,1.262207269668579,banana
5351,594.8037,1748.0,-4.3,33.6,6.4774156,0.08877719,7.9,4.351563453674316,wheat
905,609.498,1395.8,-4.5,31.3,5.419586,0.050022516,10.8,5.034791469573975,cassava
2274,270.451,1665.2,-7.2,34.3,5.8730817,0.0015447467,3.9,1.7434580326080322,banana
3990,749.43427,728.0,-3.8,31.1,6.0980616,0.3307371,2.7,1.404141902923584,maize
1148,753.99786,1258.5,-3.3,28.7,5.9341545,0.03828047,8.2,4.62849235534668,wheat
2134,840.584,579.5,-3.1,28.1,5.697434,0.23292054,4.2,2.470871925354004,potato
5632,618.01624,888.0,-4.9,26.9,5.2316303,0.49964577,0.7,0.35060355067253113,wheat
3526,701.1468,1354.3,-3.7,26.1,5.1499786,0.2160737,14.299999,6.439340591430664,wheat
1789,701.6991,581.4,-4.4,31.4,6.3482428,0.24024421,1.6,0.9386987090110779,wheat
2337,739.63495,1160.8,-3.5,29.7,5.388973,0.062176615,3.2,1.4208033084869385,wheat
4807,520.2977,292.3,-6.3,32.9,5.379286,0.19658922,1.4,0.8815678954124451,potato
973,432.0357,1464.4,-6.0,30.2,7.4828024,0.019800296,3.0,1.3774343729019165,wheat
4400,676.57086,1036.8,-4.2,29.1,5.345516,0.1582398,3.5,1.9854302406311035,cassava
892,823.2931,598.1,-3.3,28.7,5.142679,0.3103022,2.2,1.3451570272445679,potato
361,588.61615,1051.7,-5.1,31.3,5.2010064,0.66024566,4.6,1.9688735008239746,wheat
3803,500.45013,2009.6,-4.9,32.0,6.915592,0.014531574,2.9,1.4539189338684082,wheat
4469,460.93362,1718.2,-5.6,31.4,7.3835735,0.21948068,3.4,1.4545809030532837,wheat
2773,613.1408,1037.2,-4.8,29.5,5.486386,0.71855426,1.5,0.8133994340896606,potato
4131,516.66833,1095.4,-5.6,32.6,6.2866297,0.7001856,1.2,0.5723580718040466,maize
3381,764.19775,710.7,-4.0,28.5,6.573048,0.45907095,3.0,1.588618278503418,wheat
837,790.03217,1111.9,-3.1,28.8,5.0213614,0.5159138,9.7,3.1985015869140625,wheat
1735,779.5538,1435.4,-2.9,29.7,5.2967143,0.10663761,2.6,1.1997265815734863,coffee
388,497.49493,1152.3,-5.7,30.8,5.7170215,0.51925087,4.2,2.4367117881774902,cassava
4516,299.92496,1649.3,-7.1,32.6,6.8657827,0.00037545845,2.2,0.8181032538414001,banana
3870,603.9783,936.6,-5.0,28.2,5.175408,0.7140533,1.4,0.7536783218383789,potato
1947,498.10596,374.3,-6.4,31.0,5.31322,0.013664557,2.8,1.8405429124832153,potato
762,797.7817,1637.3,-2.6,31.6,5.567187,0.259682,11.0,7.719409018754959,tea
5293,771.7991,1581.4,-2.8,28.6,3.9925358,0.3129235,1.0,0.6205450296401978,tea
758,696.38367,642.6,-4.4,31.5,4.540218,0.20507115,1.2,0.6322532892227173,potato
1603,510.2128,306.2,-6.4,28.4,5.628532,0.10745036,9.1,5.840934753417969,potato
297,680.658,1533.4,-3.7,31.4,4.306535,0.013086401,3.4,2.5378246307373047,tea
4200,832.9359,625.4,-3.2,29.3,5.8391867,0.18024446,7.4,4.671506881713867,potato
4811,959.1869,850.7,-1.8,28.0,6.1134443,0.21144009,3.6,1.4233475923538208,coffee
5405,906.57306,681.2,-2.4,28.5,4.3386173,0.28357044,0.7,0.33270516991615295,potato
4,886.353,785.2,-2.5,31.0,5.721234,0.043190274,1.5,0.8326139450073242,wheat
1440,738.8291,1529.0,-3.2,30.5,5.1125116,0.38357028,1.1,0.7671452760696411,tea
2119,376.53107,1835.2,-6.1,35.0,7.0563574,0.29157856,5.0,2.1646950244903564,wheat
5599,684.10864,1905.7,-3.4,28.7,3.9452257,0.19125381,1.2,0.9045311808586121,tea
3411,657.1393,1199.0,-3.9,29.2,5.2474365,0.04528902,1.5,0.6232917308807373,wheat
3071,699.3865,566.9,-4.4,30.5,5.6818986,0.23299071,8.7,5.326167106628418,potato
2022,744.1646,1401.3,-3.1,30.2,4.8315554,0.12903929,1.2,0.866791307926178,tea
1471,589.1635,1318.6,-4.8,30.7,5.4135475,0.047758896,3.4,1.6549502611160278,cassava
1350,785.3389,2245.1,-2.1,31.1,4.325624,0.25369668,1.5,0.9833555221557617,tea
927,714.98804,1362.3,-3.6,30.4,5.3691335,0.10133469,1.9,1.3771463632583618,tea
4706,796.5412,1467.5,-2.7,28.6,5.423997,0.057128176,1.8,0.9563105702400208,cassava
1836,68.023636,1465.4,-9.6,34.0,6.4548445,0.0021364398,0.5,0.21025438606739044,banana
1113,282.95966,1618.8,-7.3,32.2,6.606886,2.777133e-05,3.0,1.5515613555908203,wheat
5447,663.33936,1982.2,-3.4,29.1,4.9262085,0.15533519,3.8,1.3785982131958008,cassava
4111,839.2661,1411.6,-2.4,32.4,4.980151,0.074065946,3.2,2.184311628341675,tea
659,488.3734,1295.7,-5.7,32.6,5.466153,0.009717066,1.9,0.9105533957481384,wheat
2707,756.2342,1283.6,-3.3,29.1,5.5412855,0.36953577,9.6,4.987966060638428,cassava
914,669.2102,422.3,-4.8,28.8,5.310873,0.19516107,1.4,0.8279814124107361,potato
1892,472.6773,1954.5,-5.2,33.6,5.795521,0.044571903,2.1,1.2260711193084717,banana
3423,454.18573,1087.5,-6.2,32.2,5.245404,0.6092466,0.9,0.49632784724235535,cassava
3360,436.91107,1412.8,-6.0,32.8,5.5811973,0.009072596,1.3,0.8691259026527405,rice
2986,566.8305,491.4,-5.7,33.8,6.1822624,0.28235832,1.6,1.095604419708252,wheat
4116,656.28357,1661.9,-3.8,28.0,4.2412677,0.0853541,1.2,0.9366251826286316,tea
4551,863.02594,1403.3,-2.2,28.8,5.0173035,0.20704944,1.4,0.9185135364532471,tea
2308,537.22186,414.3,-6.0,29.1,5.935687,0.011879961,4.7,3.2096951007843018,wheat
5440,793.55756,1817.4,-2.4,27.8,4.901761,0.1474036,13.2,7.719409018754959,tea
178,746.5847,486.4,-4.1,31.0,5.7194986,0.29815164,3.0,1.7858355045318604,potato
5575,897.5817,684.4,-2.5,30.1,5.083641,0.3078386,1.7,0.9337758421897888,potato
3408,480.27383,1237.7,-5.9,33.5,4.9757166,0.077333055,13.0,5.231241703033447,banana
664,821.0447,2243.5,-1.8,31.5,5.456049,0.37333333,2.3,1.404096007347107,coffee
2895,715.3202,1072.6,-3.8,33.0,5.8111267,0.13744222,12.6,5.0544962882995605,coffee
5212,856.2192,644.6,-2.9,28.8,6.101411,0.14780506,4.8,2.9443063735961914,maize
378,668.92944,1689.8,-3.7,26.9,5.1725717,0.09269453,12.5,6.4474921226501465,banana
287,941.4087,782.8,-2.0,27.2,4.8489637,0.08761473,0.7,0.3399786055088043,wheat
4526,418.27814,1791.6,-5.9,31.6,6.4320917,0.030692887,4.4,2.3661081790924072,coffee
956,733.9847,899.7,-3.8,32.8,5.3902426,0.3782149,3.8,2.0777080059051514,cassava
69,344.45914,1731.1,-6.6,32.0,5.2662897,0.027868051,1.4,0.5861304998397827,banana
2015,472.8047,1580.6,-5.6,32.7,6.677039,0.05228259,1.8,0.9779386520385742,wheat
4928,443.10266,1570.2,-5.8,31.0,7.4846826,0.008724978,3.6,1.20061194896698,banana
5043,448.94537,1088.0,-6.2,31.5,5.907747,0.571384,0.9,0.5287965536117554,cassava
544,503.58212,1111.3,-5.7,32.0,6.0933166,0.785333,0.7,0.3370528519153595,wheat
3465,535.8766,482.1,-6.0,30.1,4.94271,0.022207132,1.2,0.7117174863815308,wheat
5353,980.238,875.2,-1.6,27.9,5.946369,0.20786572,1.7,1.0293525457382202,wheat
4674,843.43085,628.7,-3.1,30.9,5.1202474,0.2807879,0.9,0.4249434173107147,wheat
2821,860.2152,702.7,-2.8,30.0,5.5544534,0.09378531,8.3,4.835454940795898,maize
5009,733.56506,1289.6,-3.5,31.2,5.0857744,0.7053322,4.4,2.28824520111084,tea
5551,346.312,1768.3,-6.5,33.7,5.5633206,9.226545e-05,13.9,6.519255638122559,banana
5561,782.91455,537.1,-3.7,30.8,5.3283477,0.30745217,2.8,1.7078194618225098,potato
3586,723.218,1528.6,-3.5,29.4,5.301358,0.069809176,4.7,2.2516069412231445,cassava
2687,393.08252,1674.7,-6.1,33.4,6.8855996,0.19716616,0.5,0.24312640726566315,wheat
1933,462.84045,1604.9,-5.6,32.4,6.1805434,0.054587167,7.4,3.6771581172943115,coffee
1605,712.45154,499.3,-4.4,29.3,5.1895876,0.14528406,0.6,0.28195619583129883,wheat
2043,462.55408,1835.0,-5.4,32.1,6.725604,0.025501147,5.0,2.6114699840545654,wheat
1208,526.04126,1116.7,-5.3,33.9,5.0965853,0.18974528,1.4,0.6705988645553589,banana
1204,759.0634,1341.1,-3.2,29.1,5.412412,0.029061968,2.0,0.9701920747756958,coffee
1610,836.1712,1536.9,-2.3,29.5,5.2414217,0.086593136,1.3,0.6282054781913757,cassava
4387,746.04333,1364.2,-3.3,30.9,5.2733026,0.017571703,9.5,4.8866376876831055,cassava
2053,750.17285,1469.5,-3.1,29.7,3.722679,0.10504942,0.5,0.3006991744041443,tea
3090,386.84885,1344.0,-6.6,31.5,6.6180687,0.061390623,4.0,2.416700601577759,rice
1211,636.9009,1190.6,-4.4,28.8,5.3613024,0.21620977,11.7,6.466514587402344,wheat
2095,929.27606,1298.6,-1.7,30.0,5.369573,0.06946489,3.5,2.1402039527893066,tea
2471,754.902,540.1,-4.0,30.6,5.9023757,0.31103888,1.7,0.9973877668380737,potato
3766,723.0279,1358.4,-3.9,27.8,3.8773267,0.11071732,1.9,1.1600650548934937,tea
3389,373.4004,1696.1,-6.4,33.3,5.554631,0.09718296,11.0,4.911615371704102,banana
5023,637.3801,1986.7,-3.7,32.2,5.2970304,0.3282618,2.1,1.7172439098358154,tea
934,695.37177,438.5,-4.6,31.5,6.437052,0.32968673,4.9,2.4159774780273438,maize
4732,424.03534,1847.7,-5.8,32.5,6.2020297,0.00018646952,2.1,1.1550761461257935,coffee
1660,883.55865,624.4,-2.7,28.8,5.383687,0.28349182,11.3,6.174800872802734,wheat
4198,599.60376,714.6,-5.2,35.1,5.2758784,0.15599322,4.5,2.7381978034973145,wheat
4624,794.2216,1390.0,-2.8,28.9,4.3040066,0.038942676,4.1,2.698961019515991,tea
935,876.34204,1583.2,-1.9,28.3,3.7216115,0.09056648,0.5,0.2843594551086426,tea
3192,812.1211,1152.6,-2.9,31.2,6.7962327,0.08437328,2.5,1.01166570186615,coffee
430,748.4479,2125.3,-2.6,30.2,4.0283036,0.35838383,7.7,4.787339210510254,tea
95,459.43204,1370.1,-5.8,32.7,5.710719,0.102990344,1.8,0.9174566864967346,cassava
4808,298.87646,1510.3,-7.2,34.4,5.7358074,7.851592e-07,12.1,5.595394611358643,wheat
5231,490.64157,345.7,-6.5,31.7,4.5600905,0.03966841,1.2,0.6772705316543579,potato
1812,739.653,1778.0,-3.0,29.4,5.5867147,0.050653975,6.6,4.136367321014404,banana
3011,508.23248,651.0,-6.1,30.7,4.82164,0.21286632,3.3,1.7413612604141235,maize
826,902.3298,715.8,-2.5,29.5,5.900528,0.118907645,1.9,1.1966261863708496,maize
4488,679.2073,1221.5,-4.0,29.7,5.596,0.05281878,1.2,0.5778235197067261,wheat
126,602.4487,665.4,-5.2,29.4,5.574501,0.20164777,1.5,1.0159616470336914,potato
3956,629.52826,372.0,-5.2,30.3,4.9108553,0.2689053,0.7,0.38811206817626953,wheat
5373,641.57745,989.7,-4.6,30.5,5.119276,0.26683295,1.9,1.0127652883529663,potato
3633,703.1665,1430.1,-3.6,31.2,4.5543957,0.09461924,4.1,1.6184203624725342,cassava
4568,854.3963,878.3,-2.7,31.9,6.193514,0.2759514,14.299999,7.719409018754959,wheat
4917,603.14307,626.0,-5.3,32.1,6.497485,0.28710285,3.9,2.617767572402954,maize
2286,662.44806,837.0,-4.5,29.3,5.8024373,0.22661167,1.0,0.5694646239280701,potato
2020,282.8629,369.2,-8.4,34.4,5.0348186,0.007988956,1.9,1.0293041467666626,wheat
945,696.01654,1748.3,-3.4,30.4,4.924488,0.12405556,4.7,3.962329149246216,tea
648,830.35297,587.5,-3.2,29.1,4.999229,0.25505474,1.1,0.6645984649658203,potato
4976,668.1739,937.6,-4.4,33.1,5.9319234,0.64421946,3.5,1.0040900707244873,coffee
3399,663.6783,840.4,-4.5,31.6,4.8966804,0.2362916,2.7,1.4424335956573486,potato
3096,703.1617,820.1,-4.2,32.7,5.6791573,0.263422,7.3,4.243013381958008,potato
2155,591.82074,1088.0,-4.9,30.7,5.1290903,0.9161029,4.0,1.9390807151794434,potato
2143,668.99396,1500.9,-3.9,29.9,5.1685395,0.0117349485,2.5,1.9680044651031494,tea
443,694.6692,1844.1,-3.4,32.9,5.59417,0.11656477,2.6,1.639161229133606,banana
3702,262.37576,1349.3,-7.7,34.4,4.431825,5.1792988e-08,6.8,2.2265853881835938,banana
2406,343.05075,1715.0,-6.6,32.8,5.5161104,0.025911456,12.2,7.198206901550293,rice
1458,281.0364,1693.0,-7.2,33.5,6.1824512,0.011364196,2.8,1.6254435777664185,rice
783,521.5132,1109.7,-5.7,31.2,6.3013363,0.8559438,4.9,1.5085365772247314,coffee
1504,728.50226,1542.5,-3.3,29.5,5.274553,0.07754962,1.1,0.530712902545929,banana
2332,738.1334,489.4,-4.1,29.9,5.5219393,0.3515604,0.6,0.2557455599308014,maize
2006,604.38135,907.1,-5.0,31.3,5.308024,0.11366974,8.8,5.20822811126709,wheat
1773,741.7553,1847.0,-2.9,29.1,5.5033064,0.16517948,12.3,7.438521385192871,banana
3610,709.53156,461.8,-4.4,28.8,6.282622,0.30184028,0.8,0.4424442648887634,wheat
4812,789.2063,609.3,-3.6,30.1,6.3867903,0.2613406,1.2,0.7194646596908569,wheat
1364,666.98236,545.2,-4.9,29.8,6.247014,0.22207868,3.9,2.234776735305786,wheat
333,577.2653,385.2,-5.7,29.8,5.316829,0.12238561,1.8,1.1857308149337769,potato
3911,537.2899,1008.8,-5.5,29.4,5.529204,0.91493505,2.2,0.8992446660995483,wheat
3713,662.20825,879.8,-4.5,30.2,4.930592,0.4986107,4.1,1.8912138938903809,cassava
4724,758.492,2093.2,-2.5,31.9,3.9977865,0.27022794,1.4,0.9044495820999146,tea
4756,799.6236,1795.6,-2.4,27.5,4.057018,0.16492145,0.7,0.5040751099586487,tea
4166,636.2264,434.0,-5.1,32.1,4.6841264,0.15045144,0.7,0.421115517616272,potato
4064,461.33395,1959.5,-5.3,30.9,5.817232,0.03860227,1.2,0.6638941764831543,coffee
4367,367.62817,1849.9,-6.3,32.7,6.3616643,0.14700255,0.7,0.34716522693634033,wheat
3851,811.4883,557.4,-3.4,27.4,5.491358,0.26695547,6.8,4.275146007537842,potato
1184,420.35373,1578.4,-6.0,31.2,5.29964,0.07716641,1.1,0.6852402687072754,rice
5015,569.68024,1404.6,-4.9,31.4,4.2222395,0.02153608,11.4,3.9469194412231445,cassava
318,713.039,1138.0,-3.7,30.6,5.7744102,0.13516618,4.1,1.9643253087997437,wheat
60,909.26044,1405.4,-1.8,31.0,5.366401,0.06312867,2.7,1.2086502313613892,coffee
2315,223.0227,1577.2,-7.8,33.6,5.6389747,0.0011498283,3.1,1.3660972118377686,wheat
3470,837.18915,1102.1,-2.7,27.7,5.471494,0.14127533,4.1,1.9834951162338257,wheat
4398,562.13806,326.6,-5.9,30.6,4.5880423,0.22816159,1.0,0.5515630841255188,potato
2004,660.7559,517.4,-4.9,31.2,6.322026,0.44607568,11.4,5.393375873565674,maize
5432,322.6378,1721.7,-6.8,32.4,7.3319087,0.007117169,4.5,1.5684738159179688,banana
2674,680.0387,1903.7,-3.5,30.5,4.6802125,0.21241336,4.2,2.082596778869629,banana
2373,626.92004,758.8,-4.9,28.3,4.9069786,0.12936145,10.3,6.521148204803467,potato
3073,100.13457,1510.0,-9.0,34.6,7.316254,0.00017874115,2.7,1.2747223377227783,wheat
2965,485.76596,225.6,-6.7,29.4,4.9149847,0.17477678,1.3,0.7494834065437317,potato
175,832.8712,1337.3,-2.5,32.2,4.037739,0.6335292,3.6,1.4794963598251343,tea
4549,675.9259,1247.2,-4.0,31.3,4.0996723,0.029465929,4.2,2.761793375015259,tea
541,313.19266,1533.5,-6.8,32.5,6.559098,1.5673255e-07,1.6,0.6253641247749329,banana
5505,882.0909,684.1,-2.7,30.5,5.027075,0.24396946,5.0,2.2986888885498047,tea
2093,600.6866,608.0,-5.3,31.1,4.767423,0.049611043,2.0,1.2859371900558472,potato
4487,601.47534,1033.6,-4.9,31.1,4.9237003,0.9124493,4.4,2.1709797382354736,cassava
4728,720.31165,2204.5,-2.8,31.5,4.006024,0.34658194,2.0,1.2316621541976929,tea
4782,505.30185,290.5,-6.4,32.2,6.241409,0.16141348,4.8,2.8893773555755615,maize
824,638.84985,1188.7,-4.5,30.4,5.027001,0.20713274,3.8,1.8783204555511475,cassava
404,380.71686,1786.7,-6.2,32.0,7.108012,0.13093889,1.7,0.6607757806777954,banana
4186,770.156,2148.9,-2.2,30.6,5.3721676,0.34907925,2.0,1.1518409252166748,coffee
4595,661.1981,921.2,-4.5,30.4,5.6822324,0.5932246,3.7,1.3702040910720825,wheat
4146,403.9223,1705.2,-6.0,33.4,5.892485,0.11936777,12.9,6.188166618347168,banana
5497,721.34326,1072.2,-3.8,28.9,5.7653337,0.8353908,11.6,5.965832233428955,cassava
2712,316.45935,1704.9,-6.9,32.8,6.850052,0.032659736,0.9,0.4473543167114258,wheat
972,723.325,474.6,-4.3,30.3,6.2561455,0.30445275,2.6,1.3240468502044678,maize
916,703.14374,1897.9,-3.2,30.5,5.932919,0.17305723,10.9,6.833768844604492,coffee
2014,469.02,1541.0,-5.7,29.6,6.8914,0.0358057,1.8,0.9549229741096497,wheat
3984,905.18555,1124.2,-2.1,26.1,6.037767,0.41061202,1.2,0.3898064196109772,coffee
4483,568.40625,396.7,-5.8,31.5,6.608947,0.063766636,2.5,1.6163750886917114,maize
804,466.16754,1673.1,-5.5,32.3,6.645575,0.2869658,5.0,2.0305984020233154,banana
4416,580.9582,1237.1,-4.9,33.3,4.2050166,0.16333736,13.1,4.8774800300598145,cassava
547,812.91626,644.8,-3.3,30.3,6.41653,0.24915288,12.5,7.272523403167725,maize
4298,852.2843,1428.6,-2.3,32.4,4.484499,0.18174954,1.8,0.7652153968811035,cassava
3236,605.18964,1091.0,-4.8,32.9,5.014331,0.404911,13.7,6.687659740447998,wheat
3686,736.73376,1355.7,-3.4,30.2,4.5104756,0.019025078,2.1,0.9114556908607483,cassava
2413,520.282,1480.7,-5.2,30.1,4.7126365,0.009564733,10.4,3.995220184326172,cassava
2499,920.44775,1327.1,-1.7,28.2,4.493361,0.072317645,12.9,7.719409018754959,tea
4071,764.915,1138.7,-3.3,32.7,4.5115137,0.83979475,1.7,0.556940495967865,tea
5191,600.01056,1089.7,-4.9,30.6,5.5303054,0.063405246,1.1,0.7047513127326965,potato
3390,682.67737,798.1,-4.4,30.3,5.847997,0.2711456,1.9,1.077263593673706,potato
2993,873.91547,829.6,-2.6,28.5,4.8621087,0.24957559,2.6,1.3247767686843872,potato
3240,442.32376,1385.7,-5.9,30.9,6.430876,0.007092521,0.6,0.3381757140159607,wheat
2662,746.32446,1346.9,-3.3,31.4,5.5140514,0.028306155,4.9,2.6288576126098633,cassava
4148,590.2136,437.9,-5.5,32.0,6.3769116,0.098787144,0.8,0.47499436140060425,potato
2000,655.00037,1639.1,-3.9,32.5,4.864779,0.15870364,8.0,2.9582302570343018,cassava
5516,350.17694,1823.8,-6.5,35.8,6.0185366,0.23243509,2.6,1.3947322368621826,coffee
1003,711.1138,1182.1,-3.8,27.5,5.3932004,0.9076495,0.7,0.17485743761062622,wheat
3493,641.5185,1303.4,-4.3,29.9,4.64523,0.87760407,1.6,0.8526409268379211,tea
5476,857.2982,639.7,-2.9,28.9,5.2763805,0.16674912,4.6,2.512282371520996,maize
1967,787.12054,1473.5,-2.8,29.5,4.3805003,0.0549982,5.1,1.9503668546676636,cassava
4849,790.723,621.2,-3.6,29.4,4.502573,0.05696887,1.6,0.897644579410553,potato
1074,669.39624,802.0,-4.5,27.7,5.222162,0.13726065,0.6,0.3184402287006378,cassava
1797,795.66144,697.1,-3.4,30.9,5.287727,0.20700791,0.7,0.43430474400520325,potato
3729,821.20056,608.0,-3.3,32.8,6.2130966,0.16652457,14.299999,7.719409018754959,maize
4332,391.16443,1643.9,-6.5,33.9,6.024238,0.00010663985,4.5,2.1329264640808105,banana
401,635.8302,1082.5,-4.5,34.0,5.916493,0.053673405,12.1,5.857420921325684,coffee
5267,726.4972,625.1,-4.1,31.0,6.316043,0.4272489,1.1,0.5685831308364868,maize
3189,711.23914,491.3,-4.4,28.6,4.9535756,0.16314945,2.7,1.5616652965545654,potato
366,625.9631,1127.9,-4.6,29.6,6.6509223,0.2555448,2.6,1.5371737480163574,maize
3061,731.8739,883.3,-3.8,29.0,5.3933024,0.36817604,0.9,0.37670913338661194,wheat
2485,754.4395,760.6,-3.8,29.7,5.3512692,0.2643816,1.7,1.018561601638794,potato
490,389.38843,1806.2,-6.1,32.2,6.216653,0.0029847615,9.9,6.0653252601623535,rice
846,714.7195,831.7,-4.0,28.5,6.4884334,0.36303577,4.6,2.4499025344848633,wheat
2831,291.20154,1724.7,-7.2,32.9,5.790368,0.29660833,0.8,0.42921027541160583,rice
3112,792.62036,569.2,-3.6,29.8,4.7920136,0.3086448,1.6,0.7079641819000244,wheat
3673,480.25378,1619.5,-5.4,30.9,5.2764406,0.20418358,1.7,0.7001510858535767,cassava
4380,620.51733,608.1,-5.1,28.3,6.1943507,0.23416258,3.2,2.303786516189575,wheat
1452,810.8162,1402.4,-2.7,30.8,5.414073,0.03534618,4.2,2.156942129135132,cassava
5614,597.5318,1906.7,-4.1,30.5,5.91985,0.30468932,0.8,0.3790397644042969,coffee
778,981.6874,880.8,-1.6,28.4,5.7863355,0.20655245,6.5,3.6455061435699463,wheat
3768,555.09955,1122.1,-5.2,28.4,6.432438,0.7834232,3.1,1.5866035223007202,wheat
194,667.496,1655.0,-3.7,30.5,4.331605,0.15871042,3.8,2.968855619430542,tea
4295,820.36334,1453.0,-2.5,29.6,4.9484634,0.05900068,7.9,5.538825988769531,tea
4390,785.38055,578.4,-3.6,30.0,5.1013618,0.2980727,5.6,3.3602447509765625,potato
2702,783.00726,2031.7,-2.3,31.3,4.507957,0.3003827,2.0,1.4517570734024048,tea
3283,717.1712,843.3,-4.0,31.8,6.0998893,0.34794787,3.5,1.697137475013733,maize
2077,688.7125,1480.7,-3.7,31.2,4.7605476,0.41381767,0.7,0.26743224263191223,cassava
1908,323.5896,1792.3,-6.7,33.7,6.399519,0.052854847,4.1,2.296210765838623,coffee
3856,651.7667,594.1,-4.8,28.8,5.404813,0.18458743,1.7,0.7574717402458191,maize
2459,734.9242,507.9,-4.2,30.2,5.64369,0.3094461,6.7,4.01168155670166,potato
4364,511.7637,2007.5,-4.8,31.7,6.717395,0.04101158,2.9,1.5025724172592163,wheat
2524,293.61716,1555.7,-7.2,32.4,7.3371387,1.3573125e-06,12.0,5.725810527801514,rice
5529,785.7696,1755.1,-2.6,28.6,5.071782,0.03280053,1.4,1.130522608757019,tea
523,849.68005,653.6,-3.0,27.5,5.302916,0.2514669,3.0,1.8418331146240234,potato
5118,378.88702,750.6,-7.2,32.8,5.7242894,0.81190324,0.6,0.29361215233802795,maize
5282,596.6748,845.2,-5.1,32.9,6.3505406,0.135672,9.2,6.522104263305664,wheat
3958,493.02084,1600.5,-5.4,33.3,6.7040987,0.023460077,2.7,1.4749681949615479,wheat
624,838.43396,777.8,-3.0,31.0,4.5357084,0.19706342,2.4,1.1782333850860596,tea
1927,902.12854,1364.5,-1.9,27.8,5.0776243,0.23132853,3.7,1.818472146987915,cassava
1326,374.59125,1822.8,-6.2,30.9,7.194282,0.29989335,1.6,0.6618508100509644,wheat
1414,534.3043,707.5,-5.8,31.6,6.227169,0.012651195,1.0,0.6220380663871765,potato
5570,784.0209,547.7,-3.7,28.3,5.457288,0.2683919,2.7,1.6800750494003296,potato
4867,772.6632,1768.4,-2.7,33.2,4.812251,0.13970159,1.7,1.3788429498672485,tea
1142,890.534,1265.0,-2.1,30.8,4.4301596,0.040937904,1.5,0.9126114249229431,tea
4027,686.7138,635.5,-4.5,30.5,4.7431846,0.050333496,1.4,0.6091334223747253,maize
1376,660.65173,1603.4,-3.8,28.8,4.3300867,1.3640891e-08,3.4,2.6489970684051514,tea
2925,698.7803,807.8,-4.2,31.3,6.6258492,0.19739293,2.1,1.0970797538757324,maize
4094,525.8007,563.4,-6.0,32.4,5.419373,0.064767554,2.4,1.3936442136764526,maize
4902,837.2648,1686.8,-2.2,31.2,5.0871735,0.3657359,3.7,1.516619086265564,cassava
2505,546.641,1751.7,-4.7,31.4,6.4538593,0.039914675,9.9,4.9325337409973145,coffee
2463,700.7473,1377.6,-3.7,32.0,5.498405,0.8845473,0.9,0.2693430185317993,banana
5245,962.65515,829.3,-1.8,29.7,6.4677353,0.055699587,1.6,0.9758901596069336,maize
5084,418.5077,1817.6,-5.8,31.2,6.892136,0.005762355,1.4,0.6214581727981567,banana
2408,178.15222,1603.8,-8.1,33.3,6.9814377,0.002263136,4.7,2.32393479347229,wheat
81,683.9345,1638.1,-3.6,31.8,4.4058332,9.936232e-09,0.9,0.3112602233886719,cassava
2136,754.914,556.7,-3.9,31.5,6.7459054,0.17234716,2.5,1.2810227870941162,potato
4574,236.7544,1604.6,-7.7,34.0,5.9730945,4.312602e-05,12.1,5.251094818115234,banana
880,913.35565,1282.8,-1.8,29.9,4.5709724,0.050159693,2.5,1.534407377243042,tea
1463,588.07635,1165.1,-4.9,30.7,5.5290236,0.34758973,2.7,1.6349846124649048,cassava
4844,696.022,1401.5,-3.7,29.9,4.338309,0.050773066,0.8,0.5705915689468384,tea
4120,658.2317,1420.9,-4.0,28.8,5.0166945,0.4153002,6.0,2.346015214920044,cassava
314,544.7251,1037.1,-5.3,33.7,6.458129,0.74693763,0.7,0.36923328042030334,wheat
1873,757.8065,515.4,-3.9,30.8,6.2423863,0.30945253,1.0,0.5641360282897949,wheat
5021,678.9786,2013.5,-3.3,31.8,5.650626,0.19325654,6.6,4.191997051239014,coffee
4762,662.8209,1865.0,-3.6,27.9,5.2689815,0.12052286,7.1,4.0721540451049805,banana
2232,424.11157,1447.4,-6.2,31.9,7.125081,0.073474444,2.5,0.8208073377609253,banana
5424,847.20715,1790.4,-2.0,27.5,4.7765718,0.1282654,1.7,1.3327981233596802,tea
640,747.2899,972.9,-3.8,32.0,6.058899,0.6779949,3.8,2.0102977752685547,cassava
2179,710.0359,1777.5,-3.3,31.2,4.557846,0.08221944,0.7,0.586715579032898,tea
234,603.406,1725.3,-4.2,31.0,5.559411,0.127775,4.3,2.1818325519561768,banana
4641,780.80206,762.0,-3.5,28.7,5.651252,0.4590529,7.4,3.2453861236572266,maize
1080,462.0987,1569.5,-5.7,34.1,5.202756,0.0795535,14.299999,7.719409018754959,rice
5145,377.96777,1414.1,-6.5,34.1,5.945713,0.051642865,4.4,2.849605083465576,rice
1095,697.30554,1835.2,-3.3,31.1,4.4107847,0.08445501,9.1,7.719409018754959,tea
4888,514.06445,1166.8,-5.6,30.7,5.637338,0.7451593,3.8,2.0967154502868652,cassava
619,762.97943,1044.7,-3.4,27.9,5.444941,0.12767301,1.2,0.55022132396698,wheat
3224,772.0555,515.7,-3.9,29.8,5.364442,0.33177388,1.2,0.7230880856513977,potato
3115,300.43658,1711.8,-6.9,31.7,7.133976,0.015102838,1.8,0.8442081212997437,rice
262,276.6052,1719.7,-7.2,34.2,6.1127753,0.28571567,2.7,1.4423772096633911,rice
4583,819.1848,639.9,-3.3,29.4,6.2609067,0.18277785,13.4,7.712407112121582,potato
1673,337.76413,1637.5,-6.7,33.4,6.7346444,2.799146e-06,12.1,6.904904842376709,rice
5442,820.68616,637.3,-3.3,26.0,6.22375,0.29564342,1.8,1.0145782232284546,potato
3466,615.82733,1387.3,-4.5,32.1,6.5759172,0.052218594,2.7,1.1654397249221802,coffee
4072,340.18655,1743.9,-6.7,34.4,6.2148647,0.011915269,3.1,1.4862589836120605,banana
241,505.25302,1976.2,-4.9,29.7,6.412576,0.022560852,1.4,0.8193730711936951,banana
147,638.26935,1343.6,-4.2,30.1,5.201093,0.77109045,2.2,0.8898383975028992,cassava
4264,758.77356,1235.5,-3.3,32.4,4.60592,0.29343897,4.7,1.9698548316955566,cassava
4854,373.09207,1793.1,-6.3,34.1,5.207197,0.0012683476,0.5,0.2189643383026123,banana
4618,841.04315,588.4,-3.1,30.5,6.2893534,0.22195579,4.7,2.9989349842071533,maize
4187,358.4658,1693.8,-6.5,32.5,6.5238886,0.07785654,14.299999,7.609090805053711,wheat
572,761.5491,529.4,-3.9,31.5,5.675683,0.31039548,4.8,2.402961492538452,wheat
2221,111.650955,1546.0,-8.9,31.8,6.7410784,0.022199605,5.8,3.0821433067321777,wheat
5613,417.43506,460.0,-7.1,29.8,5.6043096,0.0025030205,3.8,2.511488914489746,potato
2982,630.4427,921.6,-4.7,28.4,5.904785,0.082705386,10.8,6.79489803314209,maize
398,701.29846,1023.5,-4.0,30.7,6.414491,0.40509808,8.4,3.774831771850586,maize
1794,680.40753,884.5,-4.3,29.5,5.7725544,0.38434154,14.299999,6.630391597747803,wheat
4174,755.3858,2251.5,-2.3,30.8,5.6619225,0.3683898,2.7,1.7896265983581543,coffee
5184,639.9337,561.9,-5.0,33.4,5.2072496,0.34675276,1.6,0.9210062026977539,potato
819,725.89374,1106.4,-3.7,30.4,5.1279464,0.10136954,12.3,5.1880364418029785,wheat
5586,769.99286,945.9,-3.4,28.3,6.254256,0.26233834,0.7,0.37950292229652405,wheat
2644,807.03033,2318.4,-1.9,27.4,5.591825,0.3495421,8.9,4.900920391082764,banana
1084,263.2158,1686.1,-7.4,31.9,5.6268554,0.0036137004,3.6,1.5411996841430664,wheat
889,924.0038,985.4,-2.0,26.0,5.5837774,0.26422694,1.0,0.5996741056442261,potato
3168,333.22452,1712.7,-6.7,33.5,5.7204003,0.026363757,3.4,2.0358190536499023,rice
2817,820.0144,1463.7,-2.5,29.2,4.301274,0.054200348,0.7,0.46157515048980713,tea
294,882.8078,631.2,-2.7,31.8,5.6925545,0.3027391,1.4,0.775395929813385,wheat
4020,660.10785,409.3,-4.9,31.6,6.4074554,0.30098003,0.8,0.38813766837120056,maize
3198,808.80945,773.7,-3.2,31.7,5.8782516,0.26114437,2.8,1.6507261991500854,potato
265,617.0832,1181.8,-4.6,29.5,5.8241663,0.092836894,0.8,0.3878677785396576,coffee
3339,615.3254,1939.1,-3.9,28.7,5.6326857,0.3186589,0.6,0.268000990152359,coffee
1345,553.2653,1719.8,-4.7,32.7,6.31,0.28422213,1.8,0.8251271843910217,coffee
2164,811.3704,478.4,-4.2,28.6,5.444433,0.2126836,0.9,0.5623902082443237,potato
1203,567.62573,411.2,-5.8,32.3,5.156375,0.054222684,0.6,0.35805726051330566,wheat
4930,569.56757,1061.4,-5.2,31.5,5.86888,0.8000285,1.6,0.7490211725234985,wheat
4262,465.44757,1874.2,-5.4,32.9,6.7773376,0.069681235,3.5,1.695814609527588,banana
2852,820.2309,556.9,-3.3,28.6,6.376099,0.23633695,7.0,3.866931200027466,potato
1652,645.5336,1108.6,-4.4,31.5,4.7326384,0.22518574,2.0,0.7443276643753052,wheat
5404,423.89645,252.0,-7.2,32.7,6.1267476,0.024445977,1.7,1.1286945343017578,wheat
3238,788.16364,947.4,-3.4,31.3,5.4728327,0.20174238,1.2,0.7113152742385864,potato
1052,719.7445,1247.2,-3.6,31.3,4.600587,0.035069842,2.7,1.9064714908599854,tea
2436,706.42114,1220.0,-3.8,32.0,4.2548013,0.118413575,0.6,0.396668016910553,tea
2715,846.6089,1333.0,-2.4,28.5,4.472518,0.1568208,8.5,3.7097537517547607,cassava
4026,801.112,2329.6,-1.9,30.5,5.4092984,0.33130208,3.1,1.989220142364502,tea
3287,768.33997,1349.7,-3.1,27.9,4.5104294,0.053833913,2.0,1.3799024820327759,tea
5164,792.9766,1285.5,-2.9,28.1,4.210806,0.45854738,8.7,4.622340202331543,tea
5300,518.87695,1997.0,-4.8,31.9,5.464656,0.020985868,0.5,0.19940555095672607,cassava
1618,409.68567,1301.2,-6.4,33.2,5.2715974,1.0060821e-09,4.0,1.7396787405014038,banana
591,278.64334,1676.0,-7.2,32.7,7.0172634,0.022323065,1.9,0.9170739054679871,rice
5445,862.32684,1349.0,-2.2,29.2,5.881824,0.14277072,13.6,7.719409018754959,tea
4043,768.8641,1246.3,-3.2,32.5,5.480117,0.4848942,14.299999,7.378234386444092,cassava
497,372.5474,1367.7,-6.7,33.7,4.8953543,0.04069129,7.0,4.194218158721924,rice
3443,717.0108,878.4,-4.0,32.7,6.479806,0.15003636,2.3,0.9783435463905334,coffee
1638,437.6333,169.2,-7.2,31.0,5.7580094,0.08687967,1.9,1.1484016180038452,wheat
4330,647.2512,801.0,-4.7,31.5,4.986406,0.060402937,1.9,0.8432615995407104,wheat
4995,634.2844,1834.3,-3.9,29.0,5.6882043,0.08875323,0.8,0.4523129165172577,banana
3302,789.80206,1358.1,-2.9,29.6,5.0460687,0.02580768,5.1,3.566084623336792,tea
4914,736.28296,855.1,-3.8,27.4,6.1440535,0.3988854,3.8,1.8215337991714478,maize
5180,409.2911,1534.9,-6.2,32.2,5.7082195,4.276232e-08,4.5,2.1362855434417725,wheat
3769,579.17303,386.2,-5.7,30.2,5.5655227,0.10363053,1.8,1.131180763244629,wheat
4826,699.61786,770.6,-4.2,29.6,5.8505754,0.26208016,1.8,0.9179554581642151,wheat
3476,556.1399,1829.5,-4.6,30.2,7.1743135,0.13569161,0.9,0.37772032618522644,coffee
2858,494.76767,1879.7,-5.2,36.7,7.481232,0.07282214,9.5,4.051612854003906,banana
3033,253.1362,1672.4,-7.5,34.8,6.6516333,0.0018551206,4.8,1.890071988105774,banana
5494,626.9848,605.6,-5.1,31.1,6.102837,0.029460337,2.4,1.681999683380127,maize
3566,659.19183,1472.3,-4.0,28.4,4.992466,0.01570927,4.3,3.3801043033599854,tea
3893,471.7928,908.1,-6.2,31.8,5.3391643,0.8821199,1.1,0.5808367729187012,cassava
1443,385.39005,1674.1,-6.3,29.2,5.870553,1.328907e-06,0.6,0.38195332884788513,rice
263,392.29877,1697.7,-6.2,34.1,7.0504208,0.15394399,2.8,1.3231325149536133,wheat
4230,184.3587,1609.5,-8.2,32.9,5.5288067,0.0012212638,0.7,0.2920650541782379,banana
2777,871.1677,670.8,-2.8,29.0,4.9758897,0.21437335,0.7,0.32244008779525757,tea
2732,596.35175,422.8,-5.5,32.7,4.993904,0.10059623,4.0,2.560694932937622,potato
2525,444.2867,1769.8,-5.7,32.7,5.826985,0.08965265,3.3,2.1100924015045166,rice
1098,635.79034,423.4,-5.1,28.1,5.8998795,0.1428217,1.3,0.8846260905265808,wheat
2855,960.0924,794.4,-1.9,27.6,5.235892,0.22434372,4.5,1.9377398490905762,tea
1276,820.06006,1100.9,-2.8,29.1,4.93995,0.03729693,9.9,4.3064141273498535,wheat
3505,751.1485,554.3,-4.0,31.4,5.644736,0.13916053,1.0,0.6341222524642944,potato
3063,843.31506,845.7,-2.9,30.6,5.9115305,0.22455625,1.0,0.5205302834510803,maize
5468,88.71992,1509.9,-9.1,34.7,6.9174714,0.0010362831,1.3,0.6555212736129761,rice
5322,639.05304,1135.1,-4.5,32.1,4.8215814,0.08276104,4.4,2.1506409645080566,cassava
393,712.7882,1675.0,-3.3,30.4,5.115646,0.11914569,0.6,0.4853469431400299,tea
4982,974.69855,1387.6,-1.2,30.9,4.96003,0.07911941,14.299999,7.719409018754959,tea
639,371.51312,1781.3,-6.2,35.4,5.2848477,0.03617852,1.3,0.7284168601036072,rice
1913,586.5324,373.0,-5.6,27.3,5.6054955,0.16591686,4.8,2.9942455291748047,wheat
1820,648.3559,692.1,-4.8,32.8,5.1601577,0.27560243,1.0,0.5765389204025269,potato
137,614.2358,1179.2,-4.7,32.0,6.042678,0.4203708,2.0,1.1668283939361572,wheat
3583,879.6223,1365.8,-2.1,29.7,5.555645,0.104294,4.9,2.335254669189453,coffee
386,433.93597,1707.2,-5.8,32.2,7.160703,0.04025193,5.8,2.2234036922454834,banana
2451,621.83356,984.4,-4.8,30.9,5.5908575,0.8878921,0.8,0.45943015813827515,cassava
4509,893.1322,688.4,-2.6,30.2,5.011324,0.26504737,3.1,1.4340287446975708,tea
1474,267.11285,1600.8,-7.4,32.2,6.7285542,7.065653e-05,6.3,3.2127418518066406,wheat
609,756.6148,515.5,-4.0,30.8,5.6264553,0.30737323,1.9,0.9352089762687683,wheat
4940,885.56525,1509.3,-1.9,29.5,5.046189,0.09338411,3.2,1.4777486324310303,cassava
1285,870.8868,904.9,-2.6,26.9,4.4363103,0.25978616,2.0,0.8427563309669495,tea
4413,769.474,2113.4,-2.4,30.0,4.002131,0.33046946,4.3,2.6638340950012207,tea
5317,709.03674,1602.7,-3.4,30.3,5.5447283,0.17977865,3.8,2.021498203277588,coffee
2147,507.41687,1352.4,-5.5,29.3,4.825152,0.008043772,3.6,1.4537349939346313,cassava
3835,860.4339,1779.1,-1.9,28.3,4.997154,0.2445337,2.4,1.8210128545761108,tea
4340,867.50305,1376.7,-2.2,27.4,5.4207616,0.25234312,11.6,7.305840492248535,tea
3651,365.4722,1440.1,-6.7,33.2,6.4433055,0.031610683,3.3,1.318264365196228,banana
3049,622.0514,372.9,-5.3,31.8,6.46308,0.31840336,4.9,3.347683906555176,wheat
4921,777.1347,923.2,-3.4,28.7,6.5734496,0.22241493,10.8,6.074408054351807,wheat
5046,567.60315,1364.7,-4.9,26.9,5.385154,0.019288938,2.7,1.2906213998794556,cassava
1531,546.1498,1483.9,-5.0,33.2,6.2584443,0.045203228,1.1,0.5096314549446106,coffee
4664,829.1765,1475.0,-2.4,31.5,5.4081097,0.10513208,9.4,4.842694282531738,cassava
1060,767.55615,1720.1,-2.8,27.8,5.576051,0.20520385,2.0,1.0714190006256104,coffee
974,674.5443,1618.1,-3.5,31.3,4.6421127,0.14611161,1.2,0.9607762694358826,tea
5292,726.0872,1311.6,-3.5,31.8,5.2010546,0.322808,2.6,1.1909047365188599,cassava
906,422.5767,243.7,-7.2,33.1,6.014784,0.023471698,1.3,0.8456739187240601,wheat
1277,695.1945,1032.4,-4.0,31.7,6.2041483,0.36151844,1.9,0.8561019897460938,maize
2918,794.03265,555.1,-3.6,31.6,5.339621,0.24822074,10.4,6.495459079742432,potato
3140,703.3587,672.8,-4.3,30.2,5.2887573,0.43413076,0.5,0.20749825239181519,wheat
5027,762.8511,1196.0,-3.3,27.4,6.462065,0.3982191,4.7,1.637769341468811,coffee
649,561.06793,1630.2,-4.8,29.2,5.5109425,2.0425112e-08,2.5,1.152258038520813,cassava
694,774.3505,1170.4,-3.2,27.2,6.2444725,0.48268178,7.5,3.431769609451294,wheat
4748,666.52606,750.9,-4.6,31.7,5.393194,0.40606722,0.7,0.27540352940559387,maize
3220,593.69073,742.5,-5.2,28.9,5.414602,0.11865545,3.2,2.162994384765625,potato
91,636.7583,999.6,-4.6,32.7,6.6889925,0.34042373,2.9,1.893455147743225,wheat
2928,870.53033,846.1,-2.6,27.6,5.290945,0.25629616,4.2,2.025430202484131,wheat
4586,805.4772,1764.5,-2.4,29.2,4.6666374,0.21470024,1.1,0.8573828339576721,tea
5428,551.8206,803.7,-5.6,32.0,6.3320174,0.18080544,1.4,0.9790516495704651,wheat
280,587.8492,737.8,-5.3,32.6,6.0167937,0.20502745,1.2,0.8189242482185364,wheat
331,595.4138,1989.6,-4.1,31.7,6.1375537,0.06928835,1.5,0.8074762225151062,coffee
2424,740.156,813.4,-3.8,31.4,4.934166,0.2185154,1.6,0.79631108045578,cassava
2058,468.65497,1592.2,-5.6,32.9,7.3168,3.5791633e-08,7.4,2.6270179748535156,banana
4885,509.59415,1235.7,-5.5,33.4,5.455914,0.085539676,3.4,1.6120576858520508,cassava
3619,925.8756,867.6,-2.1,29.0,4.810541,0.21212535,1.6,0.9052231311798096,potato
1974,580.7956,430.5,-5.6,32.7,6.478685,0.07091966,7.7,5.086653709411621,maize
1310,778.377,973.8,-3.3,30.0,6.6793704,0.458276,6.5,3.2036550045013428,wheat
2792,903.34326,776.9,-2.4,31.7,6.4943457,0.20864497,0.9,0.5452632308006287,wheat
829,664.95166,1950.8,-3.5,32.5,5.575053,0.18731065,2.0,1.2225936651229858,coffee
1072,687.4769,460.9,-4.6,31.1,6.0245924,0.21221882,2.4,1.3576918840408325,potato
3038,642.4082,635.3,-5.0,27.1,5.204687,0.17694634,1.4,0.6502405405044556,wheat
1219,692.22076,988.7,-4.1,28.9,5.8779755,0.18441547,1.0,0.5916549563407898,cassava
3612,825.08325,607.1,-3.3,29.9,4.561196,0.17832886,0.9,0.4460347294807434,tea
723,760.91797,1742.2,-2.8,30.6,5.2869477,0.05644617,11.3,7.719409018754959,tea
1956,306.47552,1658.6,-7.0,31.6,5.414918,0.025525419,0.7,0.28731659054756165,banana
2157,893.15924,1181.3,-2.0,28.3,4.839074,0.54461837,3.7,1.3159960508346558,tea
2621,483.6861,1867.5,-5.4,30.3,6.098653,0.067795746,2.9,1.6094974279403687,banana
687,874.33307,1161.9,-2.3,27.6,5.731601,0.12039518,3.2,1.662104845046997,wheat
5132,524.4097,1104.6,-5.5,29.5,6.4907756,0.8334103,2.3,0.7075983881950378,coffee
3931,647.0724,1774.8,-3.8,30.5,5.212924,0.11738394,5.7,2.4437453746795654,cassava
1824,756.7193,1016.1,-3.5,32.7,5.7394347,0.022629218,6.3,2.4536235332489014,coffee
2516,575.6155,488.0,-5.6,28.7,6.34165,0.02330567,9.7,7.1465301513671875,wheat
896,705.11145,2069.1,-3.0,29.4,4.795794,0.1982865,3.1,2.445260763168335,tea
2249,614.38666,359.9,-5.4,29.5,5.015112,0.34977046,1.4,0.8391215205192566,potato
1562,514.51306,248.8,-6.5,31.7,6.4814167,0.20519605,2.0,1.0581951141357422,potato
1534,884.85846,1448.7,-1.9,28.1,4.038671,0.08277127,3.8,2.1916489601135254,tea
4708,801.5376,811.0,-3.3,30.1,6.3901906,0.29459852,2.5,0.8719810843467712,coffee
5486,595.29865,938.5,-5.0,30.7,5.136515,0.88178915,3.7,1.9209364652633667,cassava
1132,810.49603,1415.4,-2.6,29.3,4.178055,0.18903375,1.0,0.6211641430854797,tea
4681,508.7737,1472.8,-5.3,31.9,5.7650557,0.010062637,5.4,2.9017722606658936,banana
1294,740.9102,600.1,-4.0,30.8,5.3286448,0.27274552,14.299999,6.57792329788208,maize
5248,779.608,1405.6,-2.9,27.3,4.6014776,0.9954134,1.4,0.42013347148895264,cassava
1377,699.1093,607.4,-4.4,31.3,4.9594007,0.23493227,3.1,1.8037567138671875,potato
2432,434.8506,1063.9,-6.4,31.3,6.7468257,0.61085474,3.2,1.592233419418335,maize
3212,682.8676,818.8,-4.4,28.5,6.4979115,0.22434694,4.9,2.7499492168426514,wheat
158,500.32855,1105.6,-5.7,32.2,6.274752,0.6478931,12.7,4.5377349853515625,coffee
4103,204.46739,1595.2,-8.0,31.2,5.853614,0.00025994724,3.3,1.5520395040512085,wheat
348,279.32495,1620.9,-7.3,33.8,7.481469,2.4420475e-05,4.1,1.7344772815704346,wheat
3103,727.8497,1346.3,-3.5,30.2,4.6919756,0.97869027,4.0,1.9760359525680542,tea
1854,702.7782,803.2,-4.2,29.0,5.050538,0.25445336,3.6,2.0217950344085693,potato
2401,754.8211,1143.3,-3.4,30.7,6.081866,0.7724384,2.0,0.7325934171676636,wheat
426,657.01483,1010.3,-4.4,29.9,5.70811,0.12561058,2.1,1.2485878467559814,cassava
141,668.4095,1283.2,-4.0,30.6,4.5065494,0.06856182,4.3,3.1254491806030273,tea
2367,667.63025,2102.6,-3.3,31.7,4.8023267,0.2690106,5.8,2.875291347503662,banana
3387,573.66614,1126.0,-5.1,33.9,5.00898,0.7855173,0.9,0.33976835012435913,wheat
4972,595.1161,766.2,-5.2,30.7,5.9917645,0.029744474,1.6,1.1205885410308838,wheat
2285,909.66986,1312.4,-1.8,27.7,4.4152308,0.027367597,6.0,3.6301064491271973,tea
3237,763.8456,1282.3,-3.2,32.0,4.058421,0.7091723,3.1,1.290122151374817,tea
3539,742.6732,1143.4,-3.5,31.5,6.4091024,0.2706364,4.0,1.880491018295288,maize
2769,784.814,1176.0,-3.1,27.7,6.181571,0.57667065,14.299999,6.300629615783691,wheat
845,383.8851,1654.0,-6.3,33.4,6.412494,4.151418e-07,5.7,3.029219627380371,wheat
2533,880.5996,954.1,-2.4,30.4,4.8612075,0.323811,6.7,2.9673357009887695,cassava
3469,885.5235,758.6,-2.6,28.5,6.174373,0.04726342,0.7,0.2682551443576813,coffee
2848,549.9168,449.6,-5.9,31.7,4.769258,0.031785205,0.8,0.49263885617256165,potato
550,610.05585,915.6,-5.1,31.8,5.8564763,0.42507964,3.4,2.002497434616089,wheat
2278,667.3792,1625.9,-3.8,31.4,4.8449125,4.8687974e-09,14.299999,7.719409018754959,tea
2069,520.32666,548.1,-5.7,35.7,6.0741434,0.20393999,1.0,0.6908013820648193,wheat
1473,468.6026,514.9,-6.6,31.7,5.451131,0.0016377382,0.9,0.6107732653617859,potato
5571,870.6006,615.6,-2.8,31.3,4.5652604,0.29916713,4.6,2.256136894226074,potato
2690,632.80566,1364.5,-4.3,30.9,6.9872103,0.4959082,3.6,0.9794583916664124,coffee
4654,612.6953,1633.6,-4.2,30.3,7.1782928,9.714016e-09,1.1,0.420833557844162,coffee
2421,799.57513,882.9,-3.2,30.2,6.1918926,0.32825688,3.5,1.8715637922286987,wheat
4440,756.0141,1155.8,-3.4,30.4,5.330912,0.8726092,14.2,5.193419933319092,tea
805,518.53674,1919.4,-4.8,29.7,6.6915717,0.010353537,2.5,1.3249726295471191,coffee
3512,500.56625,1552.1,-5.3,32.8,7.016758,0.007590536,0.6,0.3138711154460907,wheat
2938,379.03036,1731.1,-6.3,35.2,6.5015965,0.06334032,4.2,2.2386016845703125,coffee
3933,557.99536,301.3,-6.0,31.3,5.806442,0.0901211,1.0,0.6399570107460022,potato
869,691.2452,1640.5,-3.5,32.7,4.1238694,1.69189e-08,3.0,2.2195701599121094,tea
4837,368.30954,452.9,-7.5,32.7,5.617567,0.01415578,1.6,1.0568220615386963,potato
4012,313.23312,1439.2,-7.2,33.1,5.809446,1.214588e-07,1.1,0.6867372989654541,rice
2669,411.9209,1866.2,-5.9,31.3,5.5239196,0.01925525,8.9,4.55025577545166,banana
1430,604.35693,755.6,-5.1,32.7,5.9040046,0.20064263,1.3,0.8702515959739685,wheat
1903,812.44867,1171.7,-2.9,30.8,5.173767,0.67478645,4.4,2.152967929840088,cassava
3430,650.0691,760.7,-4.7,31.9,5.3285923,0.21675573,4.1,2.41251802444458,potato
4653,790.9501,563.1,-3.6,30.0,6.2618713,0.32530025,0.9,0.4859354496002197,maize
4270,735.9919,1109.7,-3.6,30.5,6.4830475,0.14446789,5.0,2.165182590484619,coffee
4243,883.70197,1414.9,-2.0,29.8,5.1030874,0.0586263,10.0,6.622227191925049,tea
1505,855.45953,592.6,-3.0,31.1,5.930737,0.27066797,3.0,1.8381839990615845,wheat
2754,744.1504,1949.7,-2.8,30.7,5.424692,0.09626073,2.9,1.8703057765960693,banana
226,432.54065,1801.7,-5.7,32.6,6.892379,0.09937932,3.2,1.5915635824203491,wheat
2170,783.63544,1750.0,-2.6,29.0,4.619508,0.12182461,1.7,1.3478983640670776,tea
5041,909.25104,1145.2,-2.0,30.0,4.428622,0.42555958,7.1,2.6835906505584717,cassava
2541,227.08269,1636.0,-7.7,34.5,6.735651,0.006069411,0.7,0.35497987270355225,wheat
2514,647.767,854.0,-4.6,29.0,4.5021996,0.16421375,0.9,0.44136756658554077,potato
3864,872.1399,954.0,-2.5,30.3,4.1238875,0.32653013,0.5,0.1911415308713913,cassava
4806,806.45996,575.1,-3.5,29.0,6.4647703,0.31058976,9.2,5.432675361633301,wheat
705,749.4789,1132.0,-3.5,30.1,5.3661337,0.3382941,2.2,1.2033320665359497,cassava
37,572.3282,1632.1,-4.6,33.8,6.767187,0.040466312,2.4,1.0663002729415894,banana
4876,571.26074,882.8,-5.3,31.2,5.147709,0.7573936,1.5,0.7828856110572815,cassava
1919,117.21302,1524.5,-8.8,34.0,6.8071623,0.00013491501,1.9,1.0052562952041626,wheat
1257,872.4198,2408.5,-1.2,27.4,5.9168744,0.31293884,3.4,2.0045623779296875,banana
121,790.7851,1598.5,-2.7,29.7,4.188631,0.42031655,1.1,0.6730884909629822,tea
2576,497.57162,1345.1,-5.6,33.9,6.4156923,0.06387792,1.2,0.6846725344657898,wheat
4139,515.35736,872.3,-5.8,30.8,6.7209644,0.7894075,4.5,2.3746120929718018,wheat
3426,679.6779,559.6,-4.6,31.3,5.025675,0.4389566,14.0,7.661957740783691,potato
1161,835.1931,885.6,-2.9,29.0,4.9012427,0.27745697,4.4,2.006833076477051,tea
2415,292.33,1720.2,-7.0,31.8,6.6772456,0.0032220664,1.7,0.7006506323814392,banana
1807,611.9255,410.4,-5.3,30.7,5.855359,0.15053214,3.9,2.6046221256256104,wheat
671,492.16647,1911.4,-5.1,33.3,7.0089,0.0025579769,4.4,2.1208548545837402,banana
1116,860.9256,851.6,-2.7,29.6,6.043147,0.23549344,13.5,7.719409018754959,wheat
3249,247.9342,1690.9,-7.5,30.4,6.714554,0.0693305,6.9,2.6530275344848633,banana
2511,631.2212,918.9,-4.7,29.9,6.3927116,0.70396316,0.9,0.5075995326042175,wheat
1188,327.77527,1630.0,-6.9,33.1,7.037279,1.5854697e-05,9.7,4.987929821014404,rice
951,781.3368,642.9,-3.6,29.6,6.3150034,0.2532327,1.8,1.0292463302612305,maize
3272,853.8916,814.9,-2.8,28.9,5.1860437,0.24621338,3.2,1.6117185354232788,wheat
493,621.4282,1383.9,-4.2,27.9,7.1899405,0.19551635,1.5,0.7669942378997803,wheat
1586,262.85223,1673.0,-7.4,33.0,6.576268,0.008188682,4.2,2.1413073539733887,wheat
495,459.50684,1065.7,-6.2,31.3,5.1001754,0.7251122,2.8,1.4615278244018555,cassava
2594,739.0474,1397.0,-3.2,30.1,4.2523613,0.12810993,1.3,0.4722917973995209,cassava
4733,722.6521,816.9,-4.0,29.6,5.8351154,0.30182007,3.3,1.5590287446975708,maize
3730,687.53546,1458.2,-3.7,31.9,4.7795377,0.6091234,1.3,0.480899840593338,cassava
4891,379.43668,1695.4,-6.3,34.4,5.525407,0.12667198,4.3,2.0333778858184814,cassava
3078,709.26794,849.4,-4.1,32.6,5.533513,0.47297508,13.3,5.38090181350708,wheat
182,293.50955,1628.8,-7.2,32.3,5.8802066,9.425089e-05,9.5,4.223507404327393,banana
4507,853.65607,620.3,-3.0,29.7,4.9430704,0.27871388,1.9,1.1325806379318237,potato
3550,727.6461,860.2,-3.9,32.1,5.1318574,0.3202676,14.0,7.232555389404297,cassava
5350,651.89246,1354.1,-4.1,29.7,4.8763733,0.48235974,4.8,1.7780184745788574,cassava
3141,747.0854,2259.7,-2.3,29.2,5.681286,0.34827262,1.7,0.9418826699256897,banana
5057,851.3817,1064.0,-2.6,30.7,5.028574,0.16371527,10.9,5.1765456199646,cassava
1014,616.93744,1314.5,-4.5,29.8,5.743048,0.5000032,13.6,4.5623779296875,coffee
2695,718.63855,1102.9,-3.8,29.7,4.767585,0.10675758,0.5,0.24879948794841766,cassava
5625,614.65955,896.6,-4.9,28.5,4.809189,0.28835726,5.3,3.0533435344696045,potato
3261,901.3067,835.3,-2.4,27.6,6.373906,0.013147303,0.7,0.2603822350502014,coffee
3201,683.8247,1842.8,-3.4,32.5,4.576286,0.07749473,4.9,4.317585468292236,tea
3245,805.01715,1096.4,-2.9,27.9,4.508614,0.038794972,1.3,0.5490186810493469,wheat
5039,559.69037,915.3,-5.4,32.8,4.702239,0.89489853,1.7,0.7655085325241089,potato
5258,494.58078,1649.3,-5.3,33.2,5.5587344,0.011029535,2.3,1.5682780742645264,rice
5396,667.104,668.1,-4.6,30.3,5.170011,0.24739958,2.5,1.0589380264282227,maize
3571,510.46582,1339.1,-5.4,34.3,5.4794006,0.009244723,7.3,3.2699546813964844,wheat
4720,618.13446,1919.9,-3.9,31.5,5.586877,0.16894397,6.6,3.781359910964966,banana
1212,871.26764,1417.8,-2.1,29.0,4.955525,0.046148945,5.6,2.6641619205474854,cassava
1884,877.0513,953.3,-2.5,30.5,4.66692,0.33702916,4.7,2.1018152236938477,tea
1466,728.98395,497.0,-4.2,29.5,6.4588065,0.20374699,2.5,1.471583604812622,wheat
878,828.7853,629.9,-3.2,28.0,5.4740076,0.27445412,5.7,2.860081672668457,wheat
4193,481.1299,1968.8,-5.1,31.9,5.8477902,0.043802302,0.5,0.3147565722465515,rice
5130,385.8787,1607.6,-6.3,30.6,5.39494,0.12022286,1.1,0.6702297925949097,rice
2932,354.7736,1771.5,-6.5,34.3,6.7627983,8.643863e-05,7.5,4.113430976867676,rice
2722,465.10025,1081.4,-6.1,29.8,6.4971223,0.61229545,4.1,1.5361878871917725,coffee
340,841.27527,581.3,-3.1,27.4,4.802218,0.22758693,2.3,1.1996668577194214,wheat
4926,623.71857,2008.5,-3.8,31.9,6.836055,0.00093067175,0.9,0.4617757797241211,coffee
4649,797.641,550.0,-3.6,30.3,4.846455,0.2992043,1.0,0.4664640426635742,tea
172,795.9156,1358.7,-2.8,29.7,5.2311544,0.4724228,1.1,0.4844839870929718,cassava
3814,660.1242,2089.6,-3.4,31.8,5.313328,0.1945481,4.4,2.563277006149292,banana
1030,254.92264,1630.6,-7.5,34.3,6.4479585,7.843209e-06,0.9,0.36880040168762207,banana
2251,767.1385,1555.5,-2.9,30.4,5.10198,0.3468219,1.3,0.5794811844825745,banana
5082,464.6406,1961.8,-5.3,29.8,5.9243293,0.045879453,9.4,5.854228973388672,rice
3847,752.7499,1196.7,-3.4,30.1,6.009229,0.7863724,2.1,0.7335854768753052,wheat
2071,421.92526,423.7,-7.1,29.9,5.7063847,0.001001565,2.3,1.4994523525238037,potato
4937,826.48413,1288.8,-2.6,31.0,5.338316,0.5483182,13.5,4.323212623596191,coffee
1173,658.12866,470.3,-4.9,30.3,5.206661,0.14009467,0.6,0.3581472635269165,potato
828,795.52783,2188.1,-2.1,28.5,4.3190823,0.25308055,1.3,0.8613713383674622,tea
1197,768.6775,1242.3,-3.2,29.0,5.6480165,0.2747583,4.0,1.9265848398208618,coffee
4804,377.0812,1840.9,-6.2,34.6,7.445947,0.11376163,4.1,1.828626275062561,rice
342,466.4494,1421.4,-5.8,30.8,5.1548305,0.0072100796,9.4,4.292638301849365,cassava
4619,682.38617,996.7,-4.2,29.6,5.3998137,0.26053083,4.1,2.327178478240967,cassava
1429,598.3267,814.0,-5.1,29.4,5.968941,0.039669108,6.0,3.9253950119018555,maize
1253,652.4753,1554.1,-3.9,29.7,4.424442,0.065580316,5.3,4.133903980255127,tea
4700,685.47974,1209.8,-4.0,30.6,5.554105,0.036735784,4.1,2.125056743621826,cassava
1784,440.943,1717.5,-5.7,32.6,5.3497086,0.14642946,1.6,0.967078447341919,rice
3855,825.44934,1024.0,-2.9,28.8,4.845867,0.40510607,4.7,2.1386027336120605,tea
1127,380.38635,1743.8,-6.2,32.4,5.6167083,0.05767902,6.1,2.8765740394592285,banana
427,475.4802,1606.9,-5.5,31.9,5.6383734,0.045939576,1.0,0.6842173933982849,rice
2199,450.9887,1945.7,-5.4,31.1,6.3589025,0.0029254046,2.3,1.3016235828399658,coffee
3567,826.34796,1280.5,-2.6,28.9,4.7146425,0.47360867,10.4,4.052701473236084,cassava
2334,711.5362,2150.9,-2.9,28.0,5.5782437,0.34804672,4.9,3.071058511734009,coffee
1718,430.55197,1697.1,-5.8,33.3,6.728332,0.02786692,3.1,1.3372849225997925,banana
1493,636.40204,1282.7,-4.3,32.1,5.458294,0.8916914,1.9,0.5946673154830933,wheat
4422,663.45056,452.6,-4.9,30.0,6.5983295,0.1521548,4.9,2.5234241485595703,maize
4093,227.37833,1649.0,-7.7,32.2,5.505851,0.0063922177,3.9,1.629207968711853,wheat
3338,696.60785,569.5,-4.4,30.1,5.512896,0.41413665,3.0,1.2525179386138916,maize
2166,700.7477,1238.1,-3.8,31.2,4.3425703,0.7552397,5.1,2.4445645809173584,tea
2335,461.5422,1962.0,-5.3,33.4,6.273553,0.037724964,1.8,1.0442343950271606,banana
580,600.27386,1139.4,-4.8,30.3,5.648921,0.8369329,3.5,1.9599062204360962,cassava
1689,829.5958,1168.5,-2.7,32.7,5.4142666,0.48747644,3.5,1.8964142799377441,cassava
347,364.08893,1666.8,-6.5,34.3,6.1192884,2.0306727e-06,12.5,6.655259609222412,coffee
4841,734.3039,751.1,-3.9,30.2,6.0845776,0.36522374,1.5,0.7540267705917358,maize
5558,586.0301,1656.1,-4.4,28.6,5.4375405,0.074975446,1.4,0.5718953609466553,coffee
3618,673.73584,729.3,-4.5,31.1,5.20981,0.2608139,1.8,0.7921839356422424,wheat
330,534.42596,280.3,-6.2,31.8,5.5593643,0.07448079,1.5,0.915014386177063,wheat
3544,688.5655,555.1,-4.5,31.6,4.938555,0.3339705,1.8,1.0003035068511963,potato
458,690.1351,1755.2,-3.4,30.7,4.26151,0.085114844,3.1,2.481757640838623,tea
4384,836.70996,628.6,-3.1,29.5,5.7935953,0.16647561,3.9,2.4857919216156006,potato
4051,836.71814,578.5,-3.2,27.4,6.353774,0.25953683,13.9,7.719409018754959,maize
1705,343.98083,1748.8,-6.6,31.7,6.192024,0.013960876,10.0,6.0042219161987305,rice
140,608.1277,804.2,-5.0,29.4,4.9980364,0.21983027,2.7,1.5336228609085083,wheat
3311,730.4946,2175.3,-2.7,30.5,4.560955,0.25468543,3.7,1.792620062828064,banana
1995,907.6596,660.4,-2.5,28.8,5.433886,0.22638488,0.9,0.46406370401382446,wheat
1524,862.061,946.7,-2.6,29.8,4.58739,0.33150154,4.8,2.295088529586792,potato
3055,670.27094,1296.8,-4.0,30.1,3.7599893,0.8511512,1.5,0.7088416814804077,rice
3810,866.1403,614.5,-2.9,28.0,6.11117,0.2839569,1.0,0.5912555456161499,potato
1506,386.26392,1717.5,-6.2,34.3,5.272542,0.03711274,1.5,0.6379571557044983,banana
736,742.2018,1102.0,-3.6,28.1,6.1616554,0.39410317,4.2,2.0105819702148438,wheat
4908,545.51526,1147.1,-5.3,30.8,6.370409,0.8866749,6.8,3.0334718227386475,maize
3001,744.6239,1410.9,-3.2,27.5,3.8707635,0.019969547,1.9,1.1665469408035278,tea
2560,678.26263,452.3,-4.7,29.8,5.274673,0.17987394,2.9,1.7316555976867676,potato
4368,748.4684,1900.2,-2.8,30.7,4.1991997,0.121024586,4.9,3.8061907291412354,tea
3608,645.7964,949.8,-4.6,31.8,6.5096726,0.8263825,2.9,1.1196837425231934,wheat
3095,793.05676,2200.0,-2.1,30.6,4.685562,0.36135867,4.2,2.8043863773345947,tea
1357,302.72388,1644.2,-7.1,33.2,6.374191,1.5824127e-06,0.8,0.4141906499862671,wheat
3366,786.9622,1188.4,-3.1,32.4,5.683931,0.85979176,4.4,0.8179919719696045,coffee
4006,513.4353,1111.2,-5.6,29.5,5.6045437,0.56843734,13.9,7.527701377868652,potato
3758,488.64987,1073.2,-5.9,28.8,5.115235,0.76950276,3.1,1.1737273931503296,wheat
1890,558.34357,1987.9,-4.4,31.2,5.972876,0.043940444,1.3,0.709320068359375,coffee
1308,671.6328,714.2,-4.5,30.3,6.5368814,0.45176166,3.2,1.5586594343185425,maize
2473,864.81085,816.3,-2.7,30.5,5.383644,0.011656134,1.3,0.8383265137672424,potato
3010,825.44525,570.1,-3.3,29.3,6.3570223,0.2541376,2.4,1.3318043947219849,potato
811,742.3673,1114.9,-3.5,29.4,6.0445695,0.48379534,4.6,2.019376277923584,wheat
2705,328.88544,1600.6,-6.9,32.9,5.570135,1.7259285e-06,3.1,1.312311053276062,banana
4425,759.5778,431.1,-4.7,30.7,5.256332,0.22734164,0.6,0.359454870223999,potato
3668,695.4833,1733.4,-3.4,30.2,4.9871645,0.11963538,3.5,1.3915890455245972,cassava
861,880.06445,1091.7,-2.3,30.0,5.9597397,0.4115608,5.5,1.8244506120681763,coffee
3798,453.6967,1313.8,-5.9,34.3,4.093761,8.533468e-10,6.9,2.4881627559661865,cassava
1644,405.7907,1715.6,-6.1,33.1,5.879333,0.07244991,4.6,2.3829505443573,coffee
1762,441.1946,1550.0,-5.9,33.0,6.0003004,0.041370016,2.9,1.3442599773406982,banana
610,652.4048,542.0,-4.9,32.2,5.026687,0.4478517,3.2,1.7238367795944214,potato
2885,149.14777,1545.6,-8.7,32.6,6.8304987,0.00067666493,0.8,0.38579878211021423,rice
3395,868.26294,677.6,-2.8,26.3,5.591259,0.1875297,2.8,1.689981460571289,potato
2526,788.76544,2046.2,-2.3,29.0,3.8073,0.23153685,0.8,0.5002456307411194,tea
2820,542.57446,1606.9,-4.9,31.5,5.497671,0.124690115,1.6,0.7313772439956665,banana
1205,690.9264,972.8,-4.0,30.2,5.317228,0.01763055,1.2,0.7112473845481873,potato
1692,604.8694,544.6,-5.3,31.8,5.2978787,0.033218294,4.5,3.1320013999938965,potato
150,677.46655,939.7,-4.3,30.8,4.595286,0.21817368,1.3,0.6074244379997253,cassava
1584,404.04434,1665.1,-6.1,31.6,5.6650677,0.082156084,4.2,2.668961763381958,rice
772,733.28033,1942.7,-2.9,31.1,4.8452992,0.28142217,2.4,1.928653359413147,tea
3518,518.2541,402.4,-6.2,29.8,5.6891336,0.03870873,4.6,2.96010684967041,wheat
3182,834.3819,974.0,-2.8,32.3,4.98388,0.3334076,0.5,0.2649635374546051,cassava
1894,533.1519,1132.4,-5.4,31.8,4.849785,0.84679544,3.1,1.44186270236969,cassava
3397,521.4868,263.0,-6.3,34.2,5.2692814,0.19406624,3.7,2.0679314136505127,wheat
5479,798.69025,2289.6,-2.0,29.6,4.4658804,0.28166077,1.5,0.9788840413093567,tea
5154,235.27606,1660.4,-7.7,32.2,7.2610226,0.023131514,9.5,3.068227767944336,banana
1309,465.52103,524.3,-6.6,33.3,5.2860746,0.0011446225,1.1,0.6239965558052063,maize
3936,694.9141,1249.0,-3.8,30.2,4.8900404,0.15265891,10.2,4.360801696777344,cassava
3081,556.151,1886.7,-4.5,30.5,7.081365,0.12790371,2.9,1.35914146900177,banana
5128,475.0221,553.8,-6.5,31.9,5.952329,0.0010216478,6.5,4.524441719055176,wheat
2739,649.6336,569.5,-4.9,31.1,5.2783356,0.24914864,2.8,1.678941011428833,potato
3809,664.9121,1341.2,-4.0,32.0,4.2119555,0.17178364,1.7,1.1678134202957153,tea
1895,534.4094,1165.0,-5.4,30.3,5.65326,0.46627533,0.9,0.5297845005989075,cassava
809,796.16956,1628.2,-2.6,30.8,3.8864794,0.25762978,0.8,0.4953233599662781,tea
4099,842.6027,1791.1,-2.0,27.0,5.033146,0.1738163,1.9,1.48860502243042,tea
3002,732.22095,1359.3,-3.4,29.2,4.943417,0.98626614,2.1,0.7749960422515869,cassava
2414,496.8284,585.7,-6.3,30.6,5.889732,0.34871894,3.0,1.8705689907073975,potato
1001,835.1417,2241.7,-1.7,31.8,5.8119802,0.36574447,11.2,7.358088493347168,coffee
4823,882.42694,666.6,-2.7,29.0,5.218792,0.24732107,1.3,0.6555485129356384,wheat
1655,456.95206,305.8,-6.9,32.9,6.7149444,0.009774636,4.6,3.176403760910034,wheat
5182,544.09674,1778.7,-4.8,30.5,6.6623354,0.26025447,1.3,0.6059117317199707,coffee
3377,915.24835,671.8,-2.4,28.6,4.7718306,0.20530221,9.5,4.6830949783325195,wheat
5462,692.89764,1635.3,-3.5,30.9,5.421343,0.10889801,1.6,0.8439608216285706,coffee
4941,649.54486,1204.7,-4.3,31.4,5.639464,0.053189352,10.5,4.993649959564209,wheat
3093,373.4702,1345.2,-7.0,33.0,6.526089,0.013026812,0.9,0.5006968379020691,wheat
2658,637.128,552.2,-5.0,33.1,6.254732,0.2918585,4.4,2.326199769973755,potato
4396,563.6258,1176.5,-5.1,31.8,5.9109583,0.23386575,9.1,5.510239601135254,wheat
4739,820.5373,568.3,-3.3,30.6,5.758864,0.30422068,1.7,0.898364245891571,wheat
3384,783.62384,1270.4,-3.0,30.0,4.1793566,0.04096454,1.0,0.6221297383308411,tea
299,488.46014,660.9,-6.3,29.0,5.5498705,0.113646016,3.1,1.9603803157806396,wheat
4833,600.44226,1725.1,-4.3,27.6,5.947768,0.054954927,4.1,1.9545387029647827,coffee
3298,579.29047,1616.5,-4.5,30.4,5.571536,0.041006867,1.8,0.7733483910560608,coffee
2044,614.04517,1424.0,-4.5,30.8,4.546287,0.010222367,5.8,2.2728090286254883,cassava
5338,654.70026,1478.0,-4.1,31.0,5.9892464,1.0888664e-09,4.9,2.890134572982788,coffee
774,892.56995,730.8,-2.5,28.6,5.025903,0.2274236,0.5,0.22065265476703644,tea
3644,768.6372,1651.9,-2.8,30.7,4.67646,0.25412452,1.3,0.9759343266487122,tea
3648,652.38617,1228.7,-4.3,32.6,4.469534,0.028597746,4.5,1.8608121871948242,cassava
394,964.7261,810.8,-1.8,25.1,4.833091,0.22335525,1.2,0.6318638920783997,potato
4021,275.44778,1381.5,-7.7,34.5,6.7243485,3.9435187e-07,0.7,0.38208743929862976,rice
2811,592.2369,805.8,-5.2,31.6,6.4539413,0.4589863,14.0,7.719409018754959,wheat
5471,591.8603,1117.5,-4.9,31.9,5.7546234,0.9394954,1.1,0.6079965233802795,cassava
3628,643.0375,1905.3,-3.8,28.7,4.3734074,0.1466047,14.299999,7.719409018754959,tea
5550,780.1865,1415.6,-2.9,31.6,5.5031433,0.9829733,4.2,1.7870904207229614,cassava
2320,382.3007,1621.2,-6.4,33.7,6.9482656,0.2519206,6.3,3.308469772338867,rice
1,674.3341,1450.7,-3.9,30.6,5.6766477,0.39968377,2.2,1.0698648691177368,cassava
4981,290.23718,1722.2,-7.1,36.3,6.936858,0.03174778,1.3,0.6404232382774353,rice
3246,402.73782,1691.8,-6.0,33.6,7.1045423,0.08310678,2.9,1.3843715190887451,wheat
5280,689.5241,2057.8,-3.2,27.4,4.0164165,0.27583566,7.6,5.261149883270264,tea
3013,683.98364,1097.3,-4.1,28.7,5.0160046,0.06998975,1.4,0.73873370885849,cassava
3635,402.46393,1323.5,-6.4,32.4,4.528965,8.449265e-10,2.2,0.873701274394989,wheat
746,556.82324,318.7,-6.0,33.1,4.689118,0.16763698,1.9,0.8792637586593628,cassava
1559,462.1641,567.9,-6.6,33.6,5.9591427,0.016827818,5.0,3.4779932498931885,wheat
5115,353.78918,746.7,-7.4,34.1,5.47378,0.82947147,1.6,0.8570928573608398,potato
3688,665.9768,1304.6,-4.1,28.9,5.59421,0.10803825,2.5,1.2295070886611938,wheat
2400,656.34314,2039.1,-3.5,30.4,4.6509643,0.34216848,6.9,5.408168315887451,tea
2680,462.4821,1532.9,-5.7,34.3,5.2437754,0.008150322,2.0,1.3000739812850952,rice
201,684.0361,846.3,-4.3,29.3,6.359657,0.3228098,2.4,0.9668884873390198,coffee
1776,763.6319,1298.0,-3.2,30.6,5.0192657,0.052627012,1.0,0.49881789088249207,cassava
3650,466.03015,1350.4,-5.8,29.9,4.6850743,0.04426105,2.4,0.9527682065963745,cassava
2204,382.79706,390.8,-7.5,30.2,5.4348016,0.01462346,1.0,0.650909423828125,potato
2622,1003.9437,884.2,-1.4,30.1,6.335477,0.21369226,0.8,0.4822133481502533,wheat
3749,780.60345,627.1,-3.6,27.9,5.138054,0.25147077,11.8,7.193387985229492,potato
4176,733.92444,1140.8,-3.6,30.5,5.8735485,0.7526812,3.5,1.7959003448486328,cassava
2241,380.95517,1821.4,-6.2,34.1,6.6041346,0.024524054,7.8,4.268527984619141,coffee
3137,714.4153,603.2,-4.3,31.9,6.629216,0.15745118,3.6,1.888224482536316,potato
2741,682.68744,1250.1,-4.0,29.2,5.348699,0.9737032,11.9,4.845026969909668,cassava
2898,502.5354,1723.1,-5.2,32.5,5.3162465,0.2243167,0.9,0.39292073249816895,banana
2139,850.97943,593.4,-3.0,26.9,4.3295274,0.29366916,4.3,2.157579183578491,potato
1337,271.80704,1524.9,-7.4,34.4,7.039491,2.7677263e-06,0.6,0.19129766523838043,banana
2589,760.5685,548.4,-3.9,31.1,6.6651225,0.3225907,2.3,1.3157594203948975,wheat
2652,663.87366,1512.8,-3.9,28.9,5.5717945,0.03201714,1.2,0.6404903531074524,banana
1987,907.5278,862.6,-2.3,27.4,6.2260733,0.20410062,3.3,1.986013412475586,maize
457,557.13904,359.5,-5.9,31.1,6.779034,0.14039569,2.3,1.5968904495239258,wheat
5220,664.15485,1300.3,-4.1,31.5,5.4317966,0.8243695,2.9,0.8550683259963989,wheat
2917,773.8458,1757.2,-2.7,29.9,5.149648,0.17314528,0.6,0.48176977038383484,tea
3970,771.73883,636.3,-3.7,26.6,5.560836,0.03746463,2.9,1.5615595579147339,wheat
5523,890.62494,739.4,-2.5,27.4,5.992628,0.08265863,1.9,1.126636028289795,wheat
516,765.86505,2143.3,-2.4,29.4,5.481932,0.34701782,10.2,7.021947383880615,tea
3896,731.8535,1058.9,-3.7,30.8,5.943642,0.28994823,2.6,1.497251033782959,cassava
1981,641.0741,931.5,-4.6,32.8,6.241,0.7957961,3.3,0.7423068284988403,coffee
3067,350.75995,1828.4,-6.4,32.6,6.8632183,0.18588513,0.9,0.4251265525817871,wheat
4798,742.5706,522.9,-4.1,28.9,5.4626245,0.30762058,1.3,0.787097692489624,potato
518,566.58417,395.9,-5.8,28.8,5.327718,0.082153924,1.2,0.6541457176208496,maize
5349,739.73804,1137.7,-3.5,28.6,6.2472467,0.75356245,5.3,2.560086488723755,cassava
1225,710.2537,1351.2,-3.6,30.3,5.141797,0.09854774,14.0,6.49554967880249,banana
1778,744.1289,1147.2,-3.5,30.6,5.136545,0.7492164,3.3,1.5455079078674316,cassava
3221,628.83716,758.9,-4.9,27.5,6.0120535,0.09851302,13.4,7.719409018754959,potato
2032,747.0152,1123.9,-3.5,30.4,5.2953396,0.8588802,3.3,1.5829730033874512,cassava
3508,818.6147,935.3,-3.0,27.1,5.4317155,0.3708545,4.6,2.627946138381958,potato
4627,550.1966,1140.7,-5.3,30.4,6.5517473,0.895421,4.2,1.2351608276367188,coffee
4430,511.19476,1080.2,-5.7,30.7,5.333433,0.5188072,14.0,7.714313507080078,potato
3483,244.87619,1658.1,-7.6,31.9,5.655288,0.0143432105,1.0,0.4259503185749054,banana
1558,287.79498,1674.8,-7.2,33.3,6.16657,0.0039659315,9.4,5.528191089630127,rice
4325,35.910797,1451.0,-9.7,33.9,7.0483494,0.00044281897,1.1,0.5748423337936401,wheat
222,303.12317,1575.9,-7.0,34.1,4.489177,1.0302824e-06,10.4,5.6687750816345215,rice
5521,553.6154,1575.5,-4.8,34.2,7.0069056,0.016760392,2.4,1.2725183963775635,wheat
4636,599.9333,1057.2,-4.9,30.9,5.2513084,0.91249025,3.4,1.8081334829330444,cassava
1029,862.4117,1448.1,-2.1,28.5,5.8881764,0.10107354,10.7,5.616641044616699,coffee
1646,826.87244,577.8,-3.3,31.4,5.395202,0.21615155,9.6,4.5917277336120605,maize
3213,876.5679,628.6,-2.8,31.3,4.942464,0.2600013,4.0,2.221848487854004,potato
2331,689.5185,1227.4,-3.9,27.3,5.9844427,0.7528224,9.4,3.4199306964874268,coffee
1667,696.6943,1254.1,-3.8,29.1,4.878624,0.03691463,4.5,2.0430259704589844,cassava
1395,764.198,1379.1,-3.1,29.7,5.487419,0.39392278,2.8,1.3121223449707031,cassava
2263,382.28094,384.7,-7.5,34.7,6.753916,0.008296942,3.8,2.0124611854553223,potato
1623,552.1661,662.1,-5.7,32.9,4.935412,0.045442045,1.9,1.2334030866622925,potato
2111,238.06976,1605.4,-7.7,33.5,5.690478,0.00020439914,1.4,0.804239809513092,rice
4458,688.5441,1458.3,-3.7,30.2,4.9948545,0.07986806,3.4,2.60274076461792,tea
100,711.88837,1046.3,-3.9,31.4,6.5860343,0.069158465,5.2,2.621405839920044,maize
4820,718.3224,1177.7,-3.7,30.2,6.4187226,0.048444703,3.7,2.028430938720703,wheat
233,513.3883,1460.1,-5.3,30.0,7.054966,0.0090598045,1.2,0.6338926553726196,wheat
4281,611.1796,1064.8,-4.8,31.4,4.7263474,0.85465777,0.9,0.425219863653183,cassava
5454,605.9938,1717.5,-4.0,30.9,5.706853,0.074170224,1.8,0.81744384765625,coffee
1004,666.0735,1356.8,-4.0,32.1,4.165406,0.017321467,4.0,1.42964506149292,cassava
4086,722.346,787.5,-4.1,33.0,5.2500396,0.38675696,4.1,2.31127667427063,potato
4395,541.22723,1143.3,-5.3,29.9,5.482079,0.8751286,1.1,0.4331361949443817,wheat
171,611.71234,1288.5,-4.6,30.8,5.9663825,0.018771904,0.6,0.25734928250312805,coffee
1235,697.21985,1111.0,-4.0,30.2,6.7314315,0.060756076,3.0,1.4425896406173706,maize
3912,777.2815,537.2,-3.7,29.6,5.6548095,0.21169285,5.0,2.613708019256592,wheat
3916,580.6854,586.6,-5.5,30.7,5.9144535,0.4105327,2.4,1.4975712299346924,potato
2557,805.8681,969.1,-3.1,29.0,6.0693192,0.28794178,2.7,1.4105420112609863,wheat
4874,226.12839,1656.6,-7.8,34.8,6.697051,0.014179209,5.3,2.057556629180908,banana
4226,413.29172,1350.3,-6.3,32.7,5.886442,1.694329e-09,2.2,1.1336561441421509,wheat
3247,691.56195,1091.7,-4.0,31.0,4.8827815,0.067059316,3.3,1.692158579826355,cassava
3829,407.45773,1434.1,-6.3,32.8,6.5751896,0.070698276,4.0,2.1883811950683594,wheat
2172,673.45447,1350.7,-4.0,28.7,4.279849,0.11037362,3.4,2.3868017196655273,tea
3335,436.06183,1356.9,-6.2,32.9,5.784866,2.6777824e-09,4.1,2.070713520050049,wheat
2296,494.71408,1107.3,-5.8,31.9,6.3523192,0.735172,1.6,0.7472757697105408,maize
1980,556.42474,1159.2,-5.4,32.5,5.457549,0.40985247,0.6,0.30374088883399963,wheat
2091,704.8442,1193.8,-3.8,30.6,5.148977,0.3721612,3.6,1.8052701950073242,cassava
677,528.3222,1680.7,-5.0,28.9,7.465094,0.022659076,4.7,1.7812764644622803,banana
1940,719.83154,2153.6,-2.7,30.9,4.702919,0.3164202,4.7,3.431814432144165,tea
3573,440.56638,1724.7,-5.7,32.0,5.534609,0.17442079,8.8,3.926182270050049,cassava
298,731.3761,954.7,-3.9,32.4,5.9813466,0.15808459,1.5,0.8851754069328308,cassava
621,302.74683,1713.6,-7.0,34.1,6.10864,0.008480281,2.4,1.4114516973495483,rice
4149,626.6347,948.2,-4.7,28.5,5.053908,0.8295255,3.9,1.9913275241851807,potato
1266,684.1374,1399.1,-3.8,30.3,4.198933,0.7724583,0.8,0.3894200921058655,tea
4696,612.94806,806.6,-4.9,30.5,6.2012396,0.46800518,1.7,1.071397066116333,wheat
2927,94.56546,1508.8,-9.1,34.0,5.4803834,0.00031314956,0.8,0.3310508131980896,banana
2864,381.30374,1424.7,-6.5,31.5,6.5412087,0.019076701,1.4,0.7693220973014832,wheat
3084,617.87787,1429.5,-4.3,31.6,4.768909,1.8423373e-09,9.7,4.327322483062744,banana
4729,590.7398,1099.5,-4.9,28.2,5.3306766,0.92664045,3.6,1.790718674659729,potato
168,794.1614,1957.9,-2.3,30.0,4.3667254,0.13937128,10.9,7.719409018754959,tea
1354,482.28427,646.3,-6.3,33.8,5.0097156,0.11678643,2.4,1.3296504020690918,maize
4992,496.29315,1005.0,-5.9,31.5,6.748926,0.7734524,3.4,1.7308543920516968,wheat
1567,802.2735,749.7,-3.3,29.4,6.650318,0.37059787,3.4,1.8793071508407593,wheat
5553,312.32318,1653.5,-6.9,33.8,6.809516,0.0007282845,1.4,0.5362609028816223,banana
1111,820.7513,1279.2,-2.7,28.1,5.8409615,0.12783669,3.9,2.011715888977051,coffee
4324,661.81024,2055.8,-3.4,30.9,5.6637006,0.37972477,0.6,0.3468015193939209,banana
4018,547.81354,1754.7,-4.9,32.6,5.9843397,0.13955738,1.9,0.9278231859207153,coffee
1690,757.0773,512.1,-4.0,32.1,6.3705506,0.30717263,5.7,3.0067460536956787,maize
1832,485.2369,2001.5,-4.9,31.1,6.7197404,0.03277691,1.4,0.7207628488540649,wheat
1677,459.57996,1372.5,-5.9,33.4,7.4569736,2.3870865e-09,3.9,1.4355964660644531,cassava
4969,683.5276,862.3,-4.3,28.4,5.172685,0.38061193,4.6,2.4934659004211426,potato
2904,636.2264,610.7,-5.0,31.0,6.7837224,0.19586818,11.9,7.719409018754959,wheat
2306,523.98615,436.3,-6.1,30.7,6.0941753,0.06272932,2.0,1.2479356527328491,potato
660,699.37494,1295.8,-3.8,29.1,5.3017473,0.9027986,1.7,0.7026609182357788,cassava
2270,743.231,1136.1,-3.5,31.5,4.81009,0.39740095,6.3,2.9562020301818848,cassava
3104,646.93695,1219.8,-4.6,32.7,4.2318244,0.030596156,0.7,0.4840874671936035,tea
571,568.33435,827.6,-5.4,31.9,6.095771,0.09346222,4.9,3.393145799636841,wheat
4349,656.7597,1427.2,-4.0,30.1,4.361499,0.35761565,1.0,0.6892834305763245,tea
4839,315.7669,1545.0,-7.1,32.9,6.7410016,2.1584792e-06,2.7,0.9988167881965637,banana
2870,742.6182,2159.5,-2.5,31.2,5.599403,0.38101214,4.9,2.8323144912719727,banana
2596,657.79865,525.4,-4.8,32.3,6.488335,0.119437076,3.0,1.6131877899169922,maize
3050,748.9912,980.6,-3.6,28.1,6.414385,0.63276464,5.5,2.2804861068725586,maize
2107,533.1033,1101.5,-5.5,34.7,5.520297,0.53684443,4.0,1.913151741027832,wheat
53,379.92014,1492.5,-6.5,33.0,5.9154572,0.065065205,2.9,1.43381667137146,wheat
5297,833.5751,664.4,-3.1,30.5,5.355705,0.23125772,1.0,0.48590824007987976,maize
1942,638.0151,943.2,-4.6,32.5,5.483122,0.32052547,5.3,2.9156010150909424,potato
680,633.83014,630.8,-5.0,31.7,5.171343,0.059334464,2.0,1.2621738910675049,wheat
3243,463.1196,1949.4,-5.3,32.9,6.2651277,0.023665734,10.3,5.941187381744385,banana
4632,429.99054,1589.5,-6.0,32.8,7.1200795,7.122235e-08,2.8,1.0127629041671753,banana
2105,398.82346,1723.2,-6.2,30.4,6.4222655,0.08404065,4.1,2.133793830871582,wheat
2714,736.4528,811.9,-3.9,28.8,6.1582108,0.3163996,3.6,1.9077039957046509,potato
2990,923.0551,848.7,-2.1,31.0,4.5631437,0.024050154,0.7,0.29965755343437195,tea
2551,770.5153,1716.6,-2.7,28.5,4.1168876,0.1060529,1.2,0.8637228012084961,tea
1765,549.621,567.2,-5.8,31.9,6.3832436,0.25237542,1.2,0.7838465571403503,maize
3614,610.88635,642.4,-5.2,28.4,5.714769,0.07479998,12.8,7.719409018754959,potato
3282,639.518,513.7,-5.0,32.5,4.848767,0.31252906,2.4,0.9839219450950623,wheat
2328,865.98645,612.8,-2.9,27.5,5.384208,0.28312913,1.0,0.5788280367851257,potato
1852,760.1133,520.2,-3.9,30.1,6.0403385,0.2537782,0.7,0.39083364605903625,wheat
432,687.02423,1958.4,-3.3,30.5,4.029574,0.2026433,4.0,2.9750702381134033,tea
2390,483.99173,1260.8,-5.8,32.3,4.681827,0.0719827,3.5,1.3280266523361206,banana
4189,677.217,1860.5,-3.5,29.2,4.8274274,0.1335545,4.2,3.7341768741607666,tea
4529,729.65045,1954.7,-2.9,28.4,5.988052,0.14484106,4.7,3.008962631225586,coffee
2200,710.70355,856.8,-4.1,29.5,5.1833773,0.36968294,3.0,1.650185227394104,potato
614,747.9583,483.6,-4.1,31.3,5.58319,0.22534631,1.6,0.7976510524749756,wheat
2079,533.1266,1272.4,-5.3,31.4,5.680326,0.061819732,3.7,1.585654616355896,banana
2601,551.7207,772.3,-5.6,31.6,5.4155083,0.037564572,1.8,1.2148277759552002,potato
3968,823.5654,2260.4,-1.8,29.1,4.7721453,0.3884633,4.2,2.655245542526245,tea
4781,743.63727,496.8,-4.1,30.0,6.2237577,0.3077658,1.3,0.7254864573478699,wheat
4971,678.9581,1047.2,-4.2,32.5,5.6107197,0.06533142,3.8,1.791704773902893,wheat
3293,494.54166,1769.4,-5.2,32.9,6.5301356,0.045898456,2.6,1.3303552865982056,coffee
1986,502.42432,1298.2,-5.6,32.9,4.323921,0.026205918,10.7,4.012351989746094,cassava
4947,394.1583,1710.9,-6.2,33.2,6.301908,1.8113617e-06,3.1,1.4816831350326538,banana
2222,663.06067,671.6,-4.7,32.3,4.8967266,0.2538036,2.6,1.4437576532363892,potato
4419,799.6927,2138.0,-2.1,29.9,5.7169023,0.24456902,4.1,2.6486330032348633,coffee
2562,620.0697,1109.2,-4.7,32.6,6.180204,0.18244956,1.8,0.8665657043457031,coffee
5437,641.83685,393.5,-5.1,31.7,5.7466555,0.21599272,3.3,1.6208417415618896,wheat
3683,897.8323,1111.5,-2.1,29.2,5.935517,0.41073832,3.6,1.0453449487686157,coffee
1715,909.11694,721.2,-2.4,29.2,6.006456,0.22675933,4.1,2.5252180099487305,maize
2758,705.00116,2128.3,-3.0,30.7,3.742747,0.22380066,1.6,1.0182851552963257,tea
2909,691.87714,517.7,-4.5,31.4,5.0355144,0.4198315,4.5,2.463733434677124,potato
3420,470.54382,1823.2,-5.4,33.5,5.443111,0.05472541,1.7,0.7720133066177368,cassava
814,735.25323,2084.8,-2.7,32.0,4.748788,0.3096823,6.0,4.47023868560791,tea
3308,775.12854,754.4,-3.6,30.6,5.16104,0.20640787,1.6,0.9583879709243774,potato
2945,631.0709,571.2,-5.1,31.4,6.0235443,0.44963664,1.3,0.7933527827262878,potato
3521,810.4332,546.8,-3.4,28.3,5.132007,0.24132897,2.7,1.6509695053100586,potato
3540,421.8222,1474.4,-6.1,30.8,6.512897,0.029641768,2.7,1.487554669380188,wheat
2448,467.9868,260.1,-6.8,32.7,5.3574405,0.074975364,1.4,0.8046872019767761,wheat
1304,332.71585,1755.2,-6.7,32.0,6.9631643,0.00096276996,8.7,4.391923904418945,rice
127,773.7714,1144.2,-3.2,29.8,5.6428537,0.70062613,1.7,0.8935492634773254,cassava
3996,477.28992,1155.2,-5.9,33.8,4.63852,0.647797,0.8,0.2312326431274414,banana
2194,301.1381,1358.8,-7.2,34.1,4.20575,1.5671253e-08,4.9,2.000889778137207,cassava
728,496.0449,1275.5,-5.6,31.4,4.699975,0.07264889,3.6,1.4038889408111572,wheat
5628,430.62088,1832.6,-5.7,35.3,7.4828277,0.102166,4.9,1.916267991065979,banana
5510,693.7765,1416.3,-3.7,33.2,4.67964,0.42130736,1.8,1.2134265899658203,tea
4143,517.1121,1963.3,-4.8,33.1,7.1613183,0.035378106,4.8,2.3599133491516113,banana
3280,77.08461,1499.4,-9.2,33.3,5.324318,0.002391532,1.8,0.7851566076278687,wheat
5159,860.83466,744.4,-2.8,26.6,5.865409,0.03957745,3.5,2.153125047683716,maize
2877,844.4794,591.3,-3.1,32.3,5.8347993,0.2417279,1.0,0.56280916929245,maize
1083,480.67636,1143.6,-5.9,29.7,5.2912517,0.40999854,0.9,0.4314047396183014,wheat
2974,491.302,606.1,-6.3,34.8,5.5807533,0.37079987,10.0,6.407858848571777,potato
4779,805.21783,2180.4,-2.1,30.6,5.253394,0.26311204,1.4,0.9754675030708313,tea
2954,767.1284,1024.2,-3.1,29.4,6.355881,0.17235695,1.8,0.7073337435722351,coffee
2922,205.7176,1591.8,-8.0,35.1,7.3519297,0.00010877758,4.2,1.8628966808319092,wheat
2810,690.00507,1190.9,-3.9,32.2,5.6899424,0.82230586,13.2,6.507840633392334,cassava
1717,340.311,1755.6,-6.6,31.7,7.4501133,0.005925951,4.4,1.8740166425704956,wheat
3898,770.13934,832.2,-3.5,29.2,6.7552967,0.37076363,4.9,2.400815725326538,maize
3676,645.98914,1678.4,-3.9,32.1,4.837816,0.11180313,2.3,1.0069301128387451,banana
1420,850.8747,772.4,-2.9,29.5,4.0576615,0.016347716,1.0,0.4272986948490143,tea
2647,877.13257,835.9,-2.6,31.0,4.866444,0.008375653,1.1,0.5086072087287903,tea
2240,473.17416,1457.1,-5.5,33.4,6.2672973,0.009171891,0.7,0.3363790214061737,coffee
47,673.3514,1927.1,-3.4,30.3,4.857111,0.14180498,3.2,2.7577667236328125,tea
107,491.91196,491.8,-6.4,31.8,6.4062934,0.022148019,0.9,0.595216691493988,maize
4140,743.5268,1306.1,-3.4,31.4,4.5464277,0.29335055,11.2,4.42710018157959,cassava
1021,725.2333,548.5,-4.2,28.4,6.11799,0.08658047,1.4,0.8263169527053833,potato
1375,743.395,651.2,-4.0,27.9,5.550912,0.20965207,3.9,1.9262334108352661,maize
4668,523.8055,2037.5,-4.7,33.0,7.0072017,0.007361702,4.3,2.2348244190216064,coffee
636,435.98947,447.5,-6.9,31.6,4.5533533,0.0026689155,1.0,0.5727547407150269,potato
2494,605.26996,1174.6,-4.7,30.7,5.8028045,0.93023837,2.6,1.1283557415008545,wheat
4474,553.2955,918.7,-5.4,31.4,6.596473,0.8891464,4.7,2.4352385997772217,wheat
4731,503.56522,1688.1,-5.2,32.0,5.6007514,0.27093047,3.9,1.6085259914398193,cassava
2999,163.5309,1566.3,-8.4,33.3,7.18466,6.878507e-05,4.9,2.3242056369781494,wheat
1925,640.9339,1519.4,-4.1,31.5,3.7829237,0.00978656,0.9,0.610813558101654,rice
1664,791.08136,1367.7,-2.9,31.0,5.5173073,0.225372,5.0,2.6438817977905273,cassava
1329,704.0132,2082.2,-3.0,32.5,4.7807655,0.35482752,1.1,0.37101349234580994,cassava
1876,578.3124,335.9,-5.7,29.7,5.9907646,0.2586597,2.0,1.2997791767120361,wheat
2426,420.48425,1884.5,-5.4,34.1,6.2912908,0.011417845,1.4,0.7550306916236877,banana
4842,591.89154,461.0,-5.5,31.0,4.622214,0.06611718,1.1,0.6442384719848633,wheat
4819,774.927,686.3,-3.6,30.0,5.0005927,0.20113811,0.7,0.32319530844688416,wheat
1502,588.921,921.1,-5.1,29.8,4.874365,0.53579336,4.4,2.0295135974884033,wheat
1680,479.1817,1690.4,-5.4,32.7,6.086414,0.2496712,12.6,6.037256240844727,coffee
1837,837.00446,1161.4,-2.6,32.5,4.94203,0.5412536,1.9,0.747340977191925,tea
5527,698.0272,1002.0,-4.0,30.8,6.716099,0.65275884,11.5,4.808825492858887,wheat
3066,413.04648,1288.3,-6.5,31.5,7.001551,5.3974475e-10,3.6,1.9271740913391113,wheat
4465,507.24484,1901.2,-5.0,31.2,6.958597,0.072745286,3.0,1.4961159229278564,wheat
788,462.76132,513.1,-6.6,31.0,4.9552665,0.0010419294,9.7,5.704885959625244,wheat
4629,815.543,2225.3,-1.9,30.9,5.4387283,0.24296136,1.2,0.7038953900337219,banana
1159,799.87146,2057.7,-2.2,28.8,4.8027596,0.22000924,1.6,1.1883642673492432,tea
2392,590.3774,716.5,-5.3,29.2,6.3606734,0.12582734,4.7,3.2315993309020996,maize
5443,779.0201,532.7,-3.7,29.7,4.72605,0.26659676,1.9,1.0457817316055298,potato
5512,536.32544,589.0,-6.0,33.1,5.6487145,0.421606,1.6,1.0177476406097412,potato
1317,835.3458,893.3,-2.9,28.7,5.8385153,0.3364462,0.6,0.29793599247932434,wheat
3923,696.2776,1576.6,-3.6,30.7,5.2407866,6.5452648e-09,3.1,1.6148046255111694,banana
5343,888.98596,654.9,-2.6,31.1,5.686406,0.31302327,2.7,1.5017998218536377,maize
2809,87.68226,1518.1,-9.1,36.5,6.638686,0.015401867,1.0,0.5493667125701904,rice
849,678.34357,1305.2,-3.9,31.2,4.227906,0.057945732,4.5,3.0899128913879395,tea
1244,549.56824,1447.6,-5.0,31.2,6.7341013,0.007988882,3.3,1.3552861213684082,banana
363,988.2216,1251.5,-1.2,30.5,4.9874654,0.22230995,2.2,1.0700757503509521,cassava
898,681.0556,812.5,-4.4,29.9,5.032364,0.2843142,3.4,1.869846224784851,potato
4365,518.03455,1404.4,-5.3,28.9,4.166942,0.007857073,4.3,1.5904916524887085,cassava
4058,716.64703,959.6,-3.9,32.4,6.053422,0.05508707,11.1,6.055193901062012,wheat
1648,464.33127,1587.0,-5.6,34.9,6.055888,0.04248399,4.5,2.2229716777801514,coffee
5533,220.05568,1607.8,-7.8,34.6,5.899236,0.000115089366,7.7,3.639824390411377,wheat
211,731.7884,807.2,-3.9,31.6,5.8876657,0.28974098,4.9,2.379330635070801,maize
1746,313.0046,1709.3,-6.8,34.9,7.0138927,0.025151635,13.1,4.854186058044434,banana
1565,447.06342,1568.3,-5.8,32.5,5.8403454,3.438544e-08,4.1,2.005540132522583,coffee
3929,652.4691,1784.9,-3.7,31.3,4.6998286,0.21491338,2.7,1.3106995820999146,banana
1639,622.709,867.0,-4.9,28.8,6.4390225,0.09224998,3.8,1.827520489692688,coffee
1976,550.7838,1363.4,-5.1,29.2,5.4174995,0.022130406,2.1,1.0387924909591675,banana
5576,806.865,951.0,-3.1,30.6,6.572876,0.23645155,3.7,1.9175349473953247,maize
2213,651.4942,1326.2,-4.2,34.2,4.417674,0.16733932,4.1,2.9663169384002686,tea
1670,432.5101,1585.5,-5.9,30.1,6.4369483,5.5043323e-08,9.4,5.126514911651611,wheat
1587,567.30536,333.9,-5.8,31.4,6.3516283,0.16240054,4.5,2.8246567249298096,maize
2495,742.7891,655.0,-4.0,27.9,5.1565228,0.34909886,2.3,0.9735281467437744,maize
116,770.18756,618.7,-3.7,26.5,6.116174,0.256561,3.2,1.8518332242965698,potato
1252,625.60724,1828.8,-3.9,34.5,7.1811113,0.08712541,4.1,1.6649528741836548,coffee
2085,791.1535,780.8,-3.4,30.0,4.967889,0.2830333,14.299999,7.719409018754959,potato
1245,707.0584,458.9,-4.5,30.6,5.09053,0.28445706,0.8,0.45647668838500977,potato
933,471.51453,1297.6,-5.8,34.1,4.3399444,0.075100966,4.4,1.6708062887191772,cassava
2558,499.45023,1607.6,-5.0,32.0,7.419469,1.9658374e-08,3.9,1.8225468397140503,wheat
3150,553.4177,657.3,-5.7,29.9,5.787901,0.10982226,2.1,1.4110194444656372,potato
2735,432.36273,1765.8,-5.8,34.7,5.964413,0.051520843,3.3,1.7346861362457275,coffee
2005,889.653,753.6,-2.5,26.4,5.4737844,0.05754573,1.5,0.9218586087226868,potato
683,901.29645,733.9,-2.4,25.9,5.8472424,0.19909617,3.1,1.7666586637496948,maize
4391,661.062,793.1,-4.6,27.0,6.347625,0.4492254,0.6,0.2824743688106537,maize
1071,894.74023,850.5,-2.4,29.6,5.8945227,0.23712331,1.8,0.6365837454795837,coffee
3534,297.98996,1688.9,-7.1,34.4,7.1738467,0.01732448,10.0,4.582827568054199,wheat
2382,730.93066,1232.9,-3.5,28.0,5.9334116,0.040239964,14.2,7.719409018754959,cassava
1756,828.1597,586.3,-3.2,30.5,5.81254,0.26311052,4.8,2.5186073780059814,maize
17,454.19534,1700.5,-5.6,31.3,7.196079,0.030382035,2.5,0.9603215456008911,banana
1239,820.7652,1458.7,-2.5,30.3,4.2479453,0.17693911,3.1,1.9805793762207031,tea
2618,616.87726,771.9,-5.0,34.1,6.5394583,0.42969745,2.1,1.385663628578186,wheat
1192,577.65924,1030.5,-5.1,30.4,5.941796,0.76224947,1.4,0.421159952878952,coffee
29,445.4456,1350.4,-6.0,33.4,4.7036285,0.03815567,4.1,1.6747938394546509,cassava
2725,375.02054,1651.5,-6.4,32.4,7.3164325,7.983552e-07,3.8,1.7347562313079834,wheat
21,654.80963,1000.2,-4.4,33.6,6.0224605,0.58071244,2.0,1.0651509761810303,cassava
1714,700.51733,1110.4,-3.9,31.4,5.5444994,0.24236566,1.3,0.7381636500358582,cassava
5619,225.37158,1594.9,-7.8,33.6,6.3779736,5.311908e-06,14.299999,7.4997100830078125,wheat
858,758.32776,492.6,-4.0,28.6,5.818807,0.25890484,2.6,1.2727047204971313,maize
419,711.3635,1714.6,-3.3,30.7,4.840096,0.040213853,4.7,3.8908631801605225,tea
3785,320.58383,1740.4,-6.8,30.9,6.743697,0.00806519,1.4,0.756199300289154,rice
2229,633.7378,830.1,-4.8,31.4,4.6437445,0.505048,1.5,0.7253478765487671,wheat
1457,629.703,919.3,-4.7,29.0,5.2820287,0.28649116,0.6,0.3652074933052063,cassava
3020,944.9494,1069.2,-1.7,29.0,5.076426,0.36194345,4.5,1.860333800315857,tea
78,567.1401,1040.5,-5.2,28.9,5.0684133,0.9140947,11.1,4.105127334594727,wheat
480,630.451,1635.7,-4.1,29.5,7.0467963,7.920474e-09,1.5,0.8016977310180664,wheat
2214,751.93805,1945.1,-2.7,29.7,5.652356,0.1500499,9.8,7.630064010620117,tea
3097,439.27606,1909.2,-5.6,31.0,5.583057,0.014463352,10.1,5.250940799713135,coffee
4531,515.09973,1963.0,-4.8,33.7,5.8096967,0.01499475,4.5,2.437925100326538,coffee
2171,660.17456,487.7,-4.9,30.0,5.378118,0.111459754,4.0,1.9220551252365112,wheat
781,842.4643,785.1,-2.9,30.3,5.0155864,0.19688073,0.6,0.3129386007785797,wheat
4199,596.5701,344.0,-5.6,32.1,6.235264,0.32727566,1.7,0.9624590873718262,potato
4375,490.7658,1280.8,-5.7,30.7,7.131479,0.073400445,2.1,1.1028369665145874,wheat
570,589.98456,1055.2,-5.0,29.3,6.2257223,0.1257778,3.6,2.4313418865203857,wheat
227,596.96045,971.2,-5.0,29.9,6.412883,0.90450054,1.2,0.333577036857605,coffee
2508,695.9842,1351.8,-3.7,32.5,5.422505,0.8524557,2.3,0.9581702351570129,cassava
3522,837.8903,1795.9,-1.7,27.6,4.3783846,0.24390832,1.8,1.3392442464828491,tea
3107,770.51227,1453.8,-2.8,30.4,5.193831,0.065307155,3.9,2.8244543075561523,tea
2681,653.147,1529.9,-4.0,31.5,4.1807003,0.042162877,3.4,1.1590856313705444,cassava
3405,884.1513,1433.5,-2.0,32.1,4.6185117,0.05167184,8.3,5.461043834686279,tea
3652,329.04474,110.1,-8.2,33.9,4.772235,0.060177438,1.1,0.612589955329895,potato
2062,663.0565,969.1,-4.4,30.4,4.8276286,0.20164537,4.2,2.084669351577759,cassava
5485,621.7534,649.0,-5.1,29.2,4.930627,0.16446084,2.3,1.3075402975082397,maize
2530,514.7583,2015.1,-4.8,32.9,7.342966,0.026685866,10.5,5.111362934112549,banana
2534,364.1864,1695.5,-6.4,32.5,6.2999573,0.044159435,7.8,4.169957160949707,coffee
3257,553.03656,689.1,-5.6,32.6,5.607785,0.006870626,1.1,0.7588109970092773,potato
5581,681.2261,2048.9,-3.2,27.5,3.7018378,0.13323028,1.2,0.7213590741157532,rice
1859,465.15353,1350.4,-5.8,31.0,4.7877703,0.076473355,14.299999,5.834421157836914,cassava
2189,767.9417,1455.8,-3.0,31.3,5.345624,0.06256635,2.1,1.0300991535186768,cassava
191,653.0688,1400.6,-4.1,28.7,5.4148097,0.39693522,2.7,0.9822995066642761,wheat
2153,867.19104,612.2,-2.9,32.0,5.607218,0.27564853,2.3,1.4061957597732544,potato
1710,859.97906,1130.7,-2.5,30.2,5.722549,0.44323254,3.2,1.552763819694519,wheat
2868,731.7552,2074.5,-2.8,30.6,4.662243,0.30496553,13.3,6.688299655914307,banana
1542,558.4442,302.9,-6.0,30.7,4.89855,0.09784482,6.2,3.4866034984588623,wheat
4152,239.39554,1348.2,-7.9,32.8,6.275637,2.3353117e-07,2.3,1.2220547199249268,wheat
5002,401.21326,289.9,-7.4,31.0,5.3333387,0.00483078,2.3,1.4547394514083862,potato
1427,295.81876,1661.5,-7.0,31.8,6.9362373,8.266933e-05,1.8,0.8838304281234741,wheat
1318,450.3863,1942.5,-5.4,32.4,5.6280427,0.06570867,7.0,4.265299320220947,rice
354,340.24576,1812.7,-6.6,37.3,7.219175,0.23248966,4.7,1.6931806802749634,banana
3963,725.4462,1506.6,-3.3,30.2,4.80175,0.25933674,0.6,0.241013765335083,cassava
5303,619.3663,1037.6,-4.7,33.3,6.6365695,0.22808503,3.9,2.6268227100372314,wheat
1348,609.6886,1582.8,-4.3,28.7,5.726865,0.13700977,2.4,1.032982349395752,coffee
2834,588.7227,811.8,-5.2,32.3,5.2619967,0.47352672,1.0,0.6009953618049622,potato
3548,474.81873,502.4,-6.5,32.1,5.770927,0.0011707987,7.6,4.708827972412109,maize
1178,635.6687,738.7,-4.9,33.2,6.196499,0.2104158,1.1,0.7783735394477844,wheat
494,807.6577,1097.2,-3.0,28.5,4.846139,0.7259522,2.5,1.12729811668396,cassava
3732,554.2751,1107.6,-5.3,29.6,5.0078053,0.5762231,1.6,0.8252955675125122,potato
1637,504.66306,1144.5,-5.7,32.1,5.6666093,0.43189082,4.8,2.4862756729125977,wheat
756,578.9127,889.4,-5.2,31.0,5.062155,0.442495,2.2,1.2099285125732422,cassava
1332,359.76013,1816.0,-6.4,32.9,7.3507047,0.13345273,2.9,1.2257152795791626,wheat
2158,899.066,1386.0,-1.9,27.6,4.639723,0.046040967,1.9,1.2216081619262695,tea
3424,605.52277,1080.6,-4.8,30.7,4.984128,0.32785103,3.7,2.102437734603882,potato
2202,572.95935,625.6,-5.5,31.0,5.2589636,0.08632971,1.2,0.7506749033927917,wheat
2531,552.80945,398.1,-5.9,33.4,4.6071362,0.13017796,0.8,0.4497900903224945,wheat
1040,678.22504,564.4,-4.6,31.7,5.567556,0.4481486,1.2,0.49298781156539917,maize
58,792.6537,928.5,-3.3,31.2,5.102048,0.3873497,1.1,0.5975574254989624,potato
3334,747.6985,981.5,-3.7,31.0,6.7158823,0.541706,11.1,2.867814779281616,coffee
